segment_id,segment_text
143,"It was all – my two sisters were here, waiting until about half-past four."
144,"They waited because they knew she was coming home that day, waiting for the call."
145,"My younger sister had brought an orange for Marie, and I had never seen an orange like it It was a big orange, like that."
146,"She said, “Mary, look, when they call you, when you pick Marie up, let us know, and we’ll come over.” I said, “All right.” So, I got home and called everybody, told them what happened."
