tag,kind,context_id,context_len,target_id,n_keypoints,target_len,mbits,rate
1000,summary,summary_gpt4o_23_1,975,summary_gpt4o_3_1,3,222,39.53288598259999,0.040546549725743584
1000,short_summary,summary_gpt4o_11_1,632,summary_gpt4o_3_1,3,222,45.24166252113004,0.07158490905242094
1000,recall,3,998,summary_gpt4o_3_1,3,222,9.17135605689998,0.009189735527955892
1000,brief,brief_3,618,summary_gpt4o_3_1,3,222,12.51831559929998,0.020256174108899645
1000,summary,summary_gpt4o_23_1,975,summary_gpt4o_4_1,4,330,30.62403745940003,0.03140926918912824
1000,short_summary,summary_gpt4o_11_1,632,summary_gpt4o_4_1,4,330,34.879990664164,0.055189858645829114
1000,recall,3,998,summary_gpt4o_4_1,4,330,18.79528466474997,0.018832950565881735
1000,brief,brief_3,618,summary_gpt4o_4_1,4,330,22.132528337309992,0.03581315264936892
1000,summary,summary_gpt4o_23_1,975,summary_gpt4o_5_1,5,347,74.73605826829996,0.07665236745466662
1000,short_summary,summary_gpt4o_11_1,632,summary_gpt4o_5_1,5,347,80.94507850899998,0.12807765586867087
1000,recall,3,998,summary_gpt4o_5_1,5,347,22.219928031999984,0.02226445694589177
1000,brief,brief_3,618,summary_gpt4o_5_1,5,347,24.628004213999983,0.03985113950485434
1000,summary,summary_gpt4o_23_1,975,summary_gpt4o_6_1,6,388,104.35314552108002,0.10702886720110771
1000,short_summary,summary_gpt4o_11_1,632,summary_gpt4o_6_1,6,388,82.29248524611998,0.13020962855398732
1000,recall,3,998,summary_gpt4o_6_1,6,388,58.31683532630004,0.058433702731763563
1000,brief,brief_3,618,summary_gpt4o_6_1,6,388,55.03447917224,0.08905255529488673
1000,summary,summary_gpt4o_23_1,975,summary_gpt4o_7_1,7,382,55.59295201444547,0.05701841232250818
1000,short_summary,summary_gpt4o_11_1,632,summary_gpt4o_7_1,7,382,44.73594678947293,0.07078472593271033
1000,recall,3,998,summary_gpt4o_7_1,7,382,21.314065406053913,0.021356778963981877
1000,brief,brief_3,618,summary_gpt4o_7_1,7,382,25.245921806759952,0.04085100615980575
1000,summary,summary_gpt4o_23_1,975,summary_gpt4o_8_1,8,617,96.2956856237978,0.09876480576799773
1000,short_summary,summary_gpt4o_11_1,632,summary_gpt4o_8_1,8,617,98.04873234598747,0.15514039928162576
1000,recall,3,998,summary_gpt4o_8_1,8,617,35.22428130437254,0.03529487104646547
1000,brief,brief_3,618,summary_gpt4o_8_1,8,617,35.636785566081755,0.057664701563239086
1000,summary,summary_gpt4o_23_1,975,summary_gpt4o_9_1,9,555,123.22065358111696,0.12638015751909432
1000,short_summary,summary_gpt4o_11_1,632,summary_gpt4o_9_1,9,555,148.693698695554,0.23527483970815505
1000,recall,3,998,summary_gpt4o_9_1,9,555,74.86090192169993,0.07501092376923842
1000,brief,brief_3,618,summary_gpt4o_9_1,9,555,69.43000642313893,0.1123462887105808
1000,summary,summary_gpt4o_23_1,975,summary_gpt4o_10_1,10,562,84.85992099665248,0.08703581640682305
1000,short_summary,summary_gpt4o_11_1,632,summary_gpt4o_10_1,10,562,65.36976994491704,0.10343318029259026
1000,recall,3,998,summary_gpt4o_10_1,10,562,41.81686366152002,0.04190066499150302
1000,brief,brief_3,618,summary_gpt4o_10_1,10,562,49.433402282429995,0.07998932408160193
1000,summary,summary_gpt4o_23_1,975,summary_gpt4o_12_1,12,606,119.0902560492,0.12214385235815384
1000,short_summary,summary_gpt4o_11_1,632,summary_gpt4o_12_1,12,606,105.301331013592,0.16661603008479747
1000,recall,3,998,summary_gpt4o_12_1,12,606,47.15723042062996,0.04725173388840677
1000,brief,brief_3,618,summary_gpt4o_12_1,12,606,38.42252418290301,0.0621723692279984
1000,summary,summary_gpt4o_23_1,975,summary_gpt4o_13_1,13,833,118.60433386821605,0.12164547063406773
1000,short_summary,summary_gpt4o_11_1,632,summary_gpt4o_13_1,13,833,142.69731571020895,0.22578689194653315
1000,recall,3,998,summary_gpt4o_13_1,13,833,59.576063932353975,0.05969545484203805
1000,brief,brief_3,618,summary_gpt4o_13_1,13,833,59.74234208847906,0.09667045645384961
1000,summary,summary_gpt4o_23_1,975,summary_gpt4o_14_1,14,674,133.675625773745,0.13710320592178973
1000,short_summary,summary_gpt4o_11_1,632,summary_gpt4o_14_1,14,674,130.84420658348998,0.20703197244223098
1000,recall,3,998,summary_gpt4o_14_1,14,674,61.52695482384996,0.061650255334519004
1000,brief,brief_3,618,summary_gpt4o_14_1,14,674,54.24608539490998,0.08777683720859221
1000,summary,summary_gpt4o_23_1,975,summary_gpt4o_15_1,15,828,158.26809142386315,0.16232624761421863
1000,short_summary,summary_gpt4o_11_1,632,summary_gpt4o_15_1,15,828,115.20454751453848,0.18228567644705454
1000,recall,3,998,summary_gpt4o_15_1,15,828,84.76295425925878,0.08493281989905689
1000,brief,brief_3,618,summary_gpt4o_15_1,15,828,79.34125311406387,0.12838390471531372
1000,summary,summary_gpt4o_23_1,975,summary_gpt4o_16_1,16,889,153.82834311480514,0.15777265960492834
1000,short_summary,summary_gpt4o_11_1,632,summary_gpt4o_16_1,16,889,108.04311859601808,0.17095430157597796
1000,recall,3,998,summary_gpt4o_16_1,16,889,73.448836088686,0.07359602814497594
1000,brief,brief_3,618,summary_gpt4o_16_1,16,889,62.146884833734816,0.10056130231995924
1000,summary,summary_gpt4o_23_1,975,summary_gpt4o_17_1,17,845,169.69213960158095,0.17404322010418558
1000,short_summary,summary_gpt4o_11_1,632,summary_gpt4o_17_1,17,845,111.47651682542994,0.17638689371112332
1000,recall,3,998,summary_gpt4o_17_1,17,845,76.16556433807,0.07631820073954909
1000,brief,brief_3,618,summary_gpt4o_17_1,17,845,71.77589546500002,0.11614222567152106
1000,summary,summary_gpt4o_23_1,975,summary_gpt4o_18_1,18,768,142.67176925391004,0.14633001974760004
1000,short_summary,summary_gpt4o_11_1,632,summary_gpt4o_18_1,18,768,116.69480752306998,0.1846436827896677
1000,recall,3,998,summary_gpt4o_18_1,18,768,63.24909494611006,0.06337584663938885
1000,brief,brief_3,618,summary_gpt4o_18_1,18,768,53.092827777895025,0.08591072455970068
1000,summary,summary_gpt4o_23_1,975,summary_gpt4o_19_1,19,884,171.60469938586027,0.17600481988293362
1000,short_summary,summary_gpt4o_11_1,632,summary_gpt4o_19_1,19,884,102.34966552736496,0.16194567330279266
1000,recall,3,998,summary_gpt4o_19_1,19,884,54.359610710725974,0.054468547806338655
1000,brief,brief_3,618,summary_gpt4o_19_1,19,884,53.14933103274495,0.08600215377466822
1000,summary,summary_gpt4o_23_1,975,summary_gpt4o_20_1,20,694,166.662608185556,0.17093600839544204
1000,short_summary,summary_gpt4o_11_1,632,summary_gpt4o_20_1,20,694,115.08726943528796,0.18210010986596198
1000,recall,3,998,summary_gpt4o_20_1,20,694,83.05628029293297,0.08322272574442181
1000,brief,brief_3,618,summary_gpt4o_20_1,20,694,71.71447921493939,0.11604284662611551
1000,summary,summary_gpt4o_23_1,975,summary_gpt4o_21_1,21,1139,85.60682512202368,0.08780187192002428
1000,short_summary,summary_gpt4o_11_1,632,summary_gpt4o_21_1,21,1139,88.49594836509766,0.14002523475490136
1000,recall,3,998,summary_gpt4o_21_1,21,1139,90.32565077496554,0.09050666410317189
1000,brief,brief_3,618,summary_gpt4o_21_1,21,1139,81.64843037411526,0.1321172012526137
1000,summary,summary_gpt4o_23_1,975,summary_gpt4o_22_1,22,1264,206.975579672384,0.21228264581782974
1000,short_summary,summary_gpt4o_11_1,632,summary_gpt4o_22_1,22,1264,121.23268889572591,0.19182387483500934
1000,recall,3,998,summary_gpt4o_22_1,22,1264,113.1094045782321,0.11333607673169549
1000,brief,brief_3,618,summary_gpt4o_22_1,22,1264,101.68951605764836,0.16454614248810415
1000,summary,summary_gpt4o_23_1,975,summary_gpt4o_24_1,24,1052,213.97626515749675,0.21946283605897102
1000,short_summary,summary_gpt4o_11_1,632,summary_gpt4o_24_1,24,1052,99.54803704392792,0.1575127168416581
1000,recall,3,998,summary_gpt4o_24_1,24,1052,67.2770932551291,0.06741191708930772
1000,brief,brief_3,618,summary_gpt4o_24_1,24,1052,55.45918986846698,0.08973978943117634
1000,summary,summary_gpt4o_23_1,975,summary_gpt4o_25_1,25,1170,209.1337845135497,0.21449618924466635
1000,short_summary,summary_gpt4o_11_1,632,summary_gpt4o_25_1,25,1170,86.15463797561603,0.1363206297082532
1000,recall,3,998,summary_gpt4o_25_1,25,1170,70.82633962670548,0.07096827617906361
1000,brief,brief_3,618,summary_gpt4o_25_1,25,1170,57.12510704397437,0.09243544829122066
1000,summary,summary_gpt4o_23_1,975,summary_gpt4o_26_1,26,1288,149.8238437179864,0.1536654807363963
1000,short_summary,summary_gpt4o_11_1,632,summary_gpt4o_26_1,26,1288,70.18429341555998,0.11105109717651895
1000,recall,3,998,summary_gpt4o_26_1,26,1288,89.26245730498908,0.089441339984959
1000,brief,brief_3,618,summary_gpt4o_26_1,26,1288,77.44045423122293,0.12530817836767463
1000,summary,summary_gpt4o_23_1,975,summary_gpt4o_27_1,27,1517,224.10526109333648,0.22985154983931946
1000,short_summary,summary_gpt4o_11_1,632,summary_gpt4o_27_1,27,1517,93.24163541417067,0.14753423325027004
1000,recall,3,998,summary_gpt4o_27_1,27,1517,89.47049256205537,0.08964979214634806
1000,brief,brief_3,618,summary_gpt4o_27_1,27,1517,77.62777298586957,0.12561128314865627
1000,summary,summary_gpt4o_23_1,975,summary_gpt4o_28_1,28,1243,209.19971517950933,0.2145638104405224
1000,short_summary,summary_gpt4o_11_1,632,summary_gpt4o_28_1,28,1243,94.78811465943112,0.14998119408137836
1000,recall,3,998,summary_gpt4o_28_1,28,1243,81.74343365507593,0.08190724815137869
1000,brief,brief_3,618,summary_gpt4o_28_1,28,1243,83.90163494122953,0.13576316333532287
1000,summary,summary_gpt4o_23_1,975,summary_gpt4o_29_1,29,1192,239.16415714958475,0.24529657143547154
1000,short_summary,summary_gpt4o_11_1,632,summary_gpt4o_29_1,29,1192,109.97914439922504,0.1740176335430776
1000,recall,3,998,summary_gpt4o_29_1,29,1192,82.73678728126606,0.08290259246619845
1000,brief,brief_3,618,summary_gpt4o_29_1,29,1192,82.39835141675508,0.13333066572290467
1000,summary,summary_gpt4o_23_1,975,summary_gpt4o_30_1,30,1313,195.32593526456583,0.20033429257904187
1000,short_summary,summary_gpt4o_11_1,632,summary_gpt4o_30_1,30,1313,114.84189675393463,0.18171186195242822
1000,recall,3,998,summary_gpt4o_30_1,30,1313,63.22871846535861,0.06335542932400662
1000,brief,brief_3,618,summary_gpt4o_30_1,30,1313,58.40224377675918,0.09450201258375271
1000,summary,summary_gpt4o_23_1,975,summary_gpt4o_31_1,31,1221,227.7774323024979,0.23361787928461325
1000,short_summary,summary_gpt4o_11_1,632,summary_gpt4o_31_1,31,1221,91.39786709132112,0.1446168783090524
1000,recall,3,998,summary_gpt4o_31_1,31,1221,131.843624241803,0.13210783992164632
1000,brief,brief_3,618,summary_gpt4o_31_1,31,1221,94.81898211594716,0.15342877365039995
1000,summary,summary_gpt4o_23_1,975,summary_gpt4o_32_1,32,1291,193.9881844551561,0.19896224046682678
1000,short_summary,summary_gpt4o_11_1,632,summary_gpt4o_32_1,32,1291,97.40501846840571,0.15412186466519892
1000,recall,3,998,summary_gpt4o_32_1,32,1291,84.72994113877667,0.0848997406200167
1000,brief,brief_3,618,summary_gpt4o_32_1,32,1291,76.1032313942244,0.12314438736929513
1000,summary,summary_gpt4o_23_1,975,summary_gpt4o_33_1,33,1299,226.58713575102297,0.23239706230874152
1000,short_summary,summary_gpt4o_11_1,632,summary_gpt4o_33_1,33,1299,93.88947951232,0.14855930302582276
1000,recall,3,998,summary_gpt4o_33_1,33,1299,124.95945564030605,0.12520987539108822
1000,brief,brief_3,618,summary_gpt4o_33_1,33,1299,93.74309842489004,0.15168786152894828
1000,summary,summary_gpt4o_23_1,975,summary_gpt4o_34_1,34,1458,206.3871935721354,0.21167917289449784
1000,short_summary,summary_gpt4o_11_1,632,summary_gpt4o_34_1,34,1458,86.20632787972954,0.13640241753121762
1000,recall,3,998,summary_gpt4o_34_1,34,1458,97.92009151864386,0.09811632416697781
1000,brief,brief_3,618,summary_gpt4o_34_1,34,1458,93.51556186972834,0.15131967940085492
1000,summary,summary_gpt4o_23_1,975,summary_gpt4o_35_1,35,1337,218.62893779916328,0.22423480799914183
1000,short_summary,summary_gpt4o_11_1,632,summary_gpt4o_35_1,35,1337,86.19365133809958,0.13638235971218288
1000,recall,3,998,summary_gpt4o_35_1,35,1337,115.19763414113504,0.1154284911233818
1000,brief,brief_3,618,summary_gpt4o_35_1,35,1337,102.94663017241815,0.16658030772235946
1000,summary,summary_gpt4o_23_1,975,summary_gpt4o_36_1,36,1547,151.17300067667543,0.15504923146325686
1000,short_summary,summary_gpt4o_11_1,632,summary_gpt4o_36_1,36,1547,85.35910409748544,0.13506187357197064
1000,recall,3,998,summary_gpt4o_36_1,36,1547,89.554757813994,0.08973422626652705
1000,brief,brief_3,618,summary_gpt4o_36_1,36,1547,75.56015269459203,0.12226561924691268
1000,summary,summary_gpt4o_23_1,975,summary_gpt4o_37_1,37,2012,224.45392818736505,0.2302091571152462
1000,short_summary,summary_gpt4o_11_1,632,summary_gpt4o_37_1,37,2012,106.27971249305006,0.16816410204596527
1000,recall,3,998,summary_gpt4o_37_1,37,2012,86.49205990471125,0.08666539068608342
1000,brief,brief_3,618,summary_gpt4o_37_1,37,2012,64.72464996832173,0.10473244331443646
1000,summary,summary_gpt4o_23_1,975,summary_gpt4o_38_1,38,1437,259.6366102074837,0.2662939591871628
1000,short_summary,summary_gpt4o_11_1,632,summary_gpt4o_38_1,38,1437,108.18396501979667,0.17117715984145043
1000,recall,3,998,summary_gpt4o_38_1,38,1437,83.56381827134749,0.08373128083301351
1000,brief,brief_3,618,summary_gpt4o_38_1,38,1437,81.13430498957109,0.13128528315464577
1000,summary,summary_gpt4o_23_1,975,summary_gpt4o_39_1,39,2048,179.8543928635088,0.18446604396257313
1000,short_summary,summary_gpt4o_11_1,632,summary_gpt4o_39_1,39,2048,112.04134859328953,0.1772806148627999
1000,recall,3,998,summary_gpt4o_39_1,39,2048,92.69454804448652,0.09288030866181014
1000,brief,brief_3,618,summary_gpt4o_39_1,39,2048,99.51508161701564,0.16102764015698323
1000,summary,summary_gpt4o_23_1,975,summary_gpt4o_40_1,40,1951,188.9547889922809,0.19379978358182656
1000,short_summary,summary_gpt4o_11_1,632,summary_gpt4o_40_1,40,1951,96.70551004029312,0.15301504753210937
1000,recall,3,998,summary_gpt4o_40_1,40,1951,75.95215938175318,0.07610436811798915
1000,brief,brief_3,618,summary_gpt4o_40_1,40,1951,58.82169436177196,0.09518073521322323
1000,summary,summary_gpt4o_23_1,975,summary_gpt4o_41_1,41,2233,210.6771202631288,0.21607909770577313
1000,short_summary,summary_gpt4o_11_1,632,summary_gpt4o_41_1,41,2233,113.36994185220806,0.17938281938640516
1000,recall,3,998,summary_gpt4o_41_1,41,2233,123.59683427644836,0.12384452332309455
1000,brief,brief_3,618,summary_gpt4o_41_1,41,2233,98.40695441173466,0.15923455406429557
1000,summary,summary_gpt4o_23_1,975,summary_gpt4o_42_1,42,1795,240.8156920132277,0.2469904533469002
1000,short_summary,summary_gpt4o_11_1,632,summary_gpt4o_42_1,42,1795,104.88063131418198,0.1659503660034525
1000,recall,3,998,summary_gpt4o_42_1,42,1795,111.06418659962378,0.1112867601198635
1000,brief,brief_3,618,summary_gpt4o_42_1,42,1795,82.22443765251023,0.1330492518649033
1000,summary,summary_gpt4o_23_1,975,summary_gpt4o_43_1,43,2308,236.61390851191868,0.24268093180709607
1000,short_summary,summary_gpt4o_11_1,632,summary_gpt4o_43_1,43,2308,93.13340476521672,0.14736298222344418
1000,recall,3,998,summary_gpt4o_43_1,43,2308,120.05511687235366,0.12029570828893153
1000,brief,brief_3,618,summary_gpt4o_43_1,43,2308,98.2014858670466,0.1589020806910139
1000,summary,summary_gpt4o_23_1,975,summary_gpt4o_44_1,44,1696,209.0989119486727,0.2144604225114592
1000,short_summary,summary_gpt4o_11_1,632,summary_gpt4o_44_1,44,1696,71.84985192270506,0.11368647456124217
1000,recall,3,998,summary_gpt4o_44_1,44,1696,108.87706119759912,0.10909525170100112
1000,brief,brief_3,618,summary_gpt4o_44_1,44,1696,91.41710558466308,0.1479241190690341
1000,summary,summary_gpt4o_23_1,975,summary_gpt4o_45_1,45,1886,206.1058109319604,0.2113905753148312
1000,short_summary,summary_gpt4o_11_1,632,summary_gpt4o_45_1,45,1886,82.63251108954046,0.1307476441290197
1000,recall,3,998,summary_gpt4o_45_1,45,1886,87.6796215968102,0.08785533226133285
1000,brief,brief_3,618,summary_gpt4o_45_1,45,1886,77.3684780049391,0.1251917119821021
1000,summary,summary_gpt4o_23_1,975,summary_gpt4o_46_1,46,1962,165.72754245993087,0.16997696662557013
1000,short_summary,summary_gpt4o_11_1,632,summary_gpt4o_46_1,46,1962,85.6838801187871,0.13557575968162516
1000,recall,3,998,summary_gpt4o_46_1,46,1962,144.118999662046,0.14440781529263128
1000,brief,brief_3,618,summary_gpt4o_46_1,46,1962,118.14750203353503,0.19117718775652917
1000,summary,summary_gpt4o_23_1,975,summary_gpt4o_47_1,47,2011,205.3847079077127,0.21065098246944894
1000,short_summary,summary_gpt4o_11_1,632,summary_gpt4o_47_1,47,2011,104.33869574995845,0.16509287302208614
1000,recall,3,998,summary_gpt4o_47_1,47,2011,115.74905138197904,0.11598101340879664
1000,brief,brief_3,618,summary_gpt4o_47_1,47,2011,102.08620610888306,0.1651880357748917
1000,summary,summary_gpt4o_23_1,975,summary_gpt4o_48_1,48,2356,209.17179862517537,0.21453517807710296
1000,short_summary,summary_gpt4o_11_1,632,summary_gpt4o_48_1,48,2356,76.61409881929194,0.12122483990394294
1000,recall,3,998,summary_gpt4o_48_1,48,2356,114.78807292015836,0.11501810913843523
1000,brief,brief_3,618,summary_gpt4o_48_1,48,2356,86.72199124269582,0.14032684667102885
1000,summary,summary_gpt4o_23_1,975,summary_gpt4o_49_1,49,2063,227.7168940962938,0.2335557888167116
1000,short_summary,summary_gpt4o_11_1,632,summary_gpt4o_49_1,49,2063,93.28998743577245,0.147610739613564
1000,recall,3,998,summary_gpt4o_49_1,49,2063,106.6750886832732,0.10688886641610541
1000,brief,brief_3,618,summary_gpt4o_49_1,49,2063,96.63881409021484,0.1563734855828719
1000,summary,summary_gpt4o_23_1,975,summary_gpt4o_50_1,50,2236,217.2576748650472,0.22282838447697148
1000,short_summary,summary_gpt4o_11_1,632,summary_gpt4o_50_1,50,2236,121.3603666630138,0.19202589661869274
1000,recall,3,998,summary_gpt4o_50_1,50,2236,117.8764284934382,0.11811265380104027
1000,brief,brief_3,618,summary_gpt4o_50_1,50,2236,110.24338978399716,0.17838736211002776
1000,summary,summary_gpt4o_23_1,975,summary_gpt4o_51_1,51,2140,169.41253399944844,0.17375644512763944
1000,short_summary,summary_gpt4o_11_1,632,summary_gpt4o_51_1,51,2140,103.12832115085509,0.16317772333996058
1000,recall,3,998,summary_gpt4o_51_1,51,2140,54.20187403934415,0.05431049502940295
1000,brief,brief_3,618,summary_gpt4o_51_1,51,2140,65.22569115357328,0.1055431895688888
1000,summary,summary_gpt4o_23_1,975,summary_gpt4o_52_1,52,2113,249.5134147774363,0.2559111946435244
1000,short_summary,summary_gpt4o_11_1,632,summary_gpt4o_52_1,52,2113,78.5242688540493,0.12424726084501471
1000,recall,3,998,summary_gpt4o_52_1,52,2113,132.0321193603545,0.13229671278592636
1000,brief,brief_3,618,summary_gpt4o_52_1,52,2113,104.3497522920411,0.16885073186414418
1000,summary,summary_gpt4o_23_1,975,summary_gpt4o_53_1,53,2059,199.14054631358655,0.2042467141677811
1000,short_summary,summary_gpt4o_11_1,632,summary_gpt4o_53_1,53,2059,87.62171277545303,0.13864195059407125
1000,recall,3,998,summary_gpt4o_53_1,53,2059,71.43788744376116,0.07158104954284684
1000,brief,brief_3,618,summary_gpt4o_53_1,53,2059,68.22641961881914,0.11039873724728015
1000,summary,summary_gpt4o_23_1,975,summary_gpt4o_54_1,54,2625,176.69089241802885,0.18122142812105524
1000,short_summary,summary_gpt4o_11_1,632,summary_gpt4o_54_1,54,2625,74.29963904004467,0.11756272000007068
1000,recall,3,998,summary_gpt4o_54_1,54,2625,81.84070588517397,0.08200471531580558
1000,brief,brief_3,618,summary_gpt4o_54_1,54,2625,74.76038001913935,0.12097148870410898
1000,summary,summary_gpt4o_23_1,975,summary_gpt4o_55_1,55,2756,182.02438438979263,0.18669167629722322
1000,short_summary,summary_gpt4o_11_1,632,summary_gpt4o_55_1,55,2756,71.96505454290309,0.1138687571881378
1000,recall,3,998,summary_gpt4o_55_1,55,2756,84.78948788114599,0.08495940669453506
1000,brief,brief_3,618,summary_gpt4o_55_1,55,2756,73.93810477849388,0.1196409462435176
1000,summary,summary_gpt4o_23_1,975,summary_gpt4o_56_1,56,2221,203.27102856771273,0.2084831062232951
1000,short_summary,summary_gpt4o_11_1,632,summary_gpt4o_56_1,56,2221,71.10793624255052,0.11251255734580778
1000,recall,3,998,summary_gpt4o_56_1,56,2221,91.14561800241631,0.09132827455151935
1000,brief,brief_3,618,summary_gpt4o_56_1,56,2221,79.55003966002027,0.12872174702268652
1000,summary,summary_gpt4o_23_1,975,summary_gpt4o_57_1,57,2195,207.1054050797895,0.2124158000818354
1000,short_summary,summary_gpt4o_11_1,632,summary_gpt4o_57_1,57,2195,67.69779467771127,0.10711676373055581
1000,recall,3,998,summary_gpt4o_57_1,57,2195,121.50335815296307,0.12174685185667643
1000,brief,brief_3,618,summary_gpt4o_57_1,57,2195,91.97476903720236,0.14882648711521418
1000,summary,summary_gpt4o_23_1,975,summary_gpt4o_58_1,58,2431,232.78632350962857,0.23875520359961905
1000,short_summary,summary_gpt4o_11_1,632,summary_gpt4o_58_1,58,2431,82.97933044037904,0.1312964089246504
1000,recall,3,998,summary_gpt4o_58_1,58,2431,123.89556648232268,0.12414385419070409
1000,brief,brief_3,618,summary_gpt4o_58_1,58,2431,89.91468904345584,0.14549302434216155
1000,summary,summary_gpt4o_23_1,975,summary_gpt4o_59_1,59,2094,207.2750479829906,0.21258979280306728
1000,short_summary,summary_gpt4o_11_1,632,summary_gpt4o_59_1,59,2094,87.45452398349744,0.13837741136629342
1000,recall,3,998,summary_gpt4o_59_1,59,2094,83.31371591075003,0.08348067726528059
1000,brief,brief_3,618,summary_gpt4o_59_1,59,2094,91.64003206348616,0.14828484152667665
1000,summary,summary_gpt4o_23_1,975,summary_gpt4o_60_1,60,2457,196.4165704357281,0.2014528927545929
1000,short_summary,summary_gpt4o_11_1,632,summary_gpt4o_60_1,60,2457,72.65070483144564,0.1149536468851988
1000,recall,3,998,summary_gpt4o_60_1,60,2457,109.4826918977401,0.10970209608991993
1000,brief,brief_3,618,summary_gpt4o_60_1,60,2457,91.97686652704328,0.14882988111172052
1000,summary,summary_gpt4o_23_1,975,summary_gpt4o_61_1,61,2542,196.6902551281862,0.2017335950032679
1000,short_summary,summary_gpt4o_11_1,632,summary_gpt4o_61_1,61,2542,82.42627515086679,0.1304213214412449
1000,recall,3,998,summary_gpt4o_61_1,61,2542,123.55118498669708,0.12379878255180068
1000,brief,brief_3,618,summary_gpt4o_61_1,61,2542,95.96501861550678,0.15528320164321485
1000,summary,summary_gpt4o_23_1,975,summary_gpt4o_62_1,62,1947,194.817386226968,0.1998127038225313
1000,short_summary,summary_gpt4o_11_1,632,summary_gpt4o_62_1,62,1947,91.67258925599208,0.1450515652784685
1000,recall,3,998,summary_gpt4o_62_1,62,1947,87.73622303540083,0.08791204712966015
1000,brief,brief_3,618,summary_gpt4o_62_1,62,1947,88.12570895169267,0.14259823454966453
1000,summary,summary_gpt4o_23_1,975,summary_gpt4o_63_1,63,2403,185.54763456728577,0.1903052662228572
1000,short_summary,summary_gpt4o_11_1,632,summary_gpt4o_63_1,63,2403,74.19463239182164,0.11739657024022412
1000,recall,3,998,summary_gpt4o_63_1,63,2403,132.2355013910642,0.1325005023958559
1000,brief,brief_3,618,summary_gpt4o_63_1,63,2403,106.76971610594636,0.1727665309157708
1000,summary,summary_gpt4o_23_1,975,summary_gpt4o_64_1,64,2483,220.10384816843975,0.22574753658301513
1000,short_summary,summary_gpt4o_11_1,632,summary_gpt4o_64_1,64,2483,87.43203236161298,0.13834182335698256
1000,recall,3,998,summary_gpt4o_64_1,64,2483,108.4723225389589,0.1086897019428446
1000,brief,brief_3,618,summary_gpt4o_64_1,64,2483,91.04172361835252,0.14731670488406556
1000,summary,summary_gpt4o_23_1,975,summary_gpt4o_65_1,65,2026,187.9795083924671,0.19279949578714575
1000,short_summary,summary_gpt4o_11_1,632,summary_gpt4o_65_1,65,2026,74.06150394351516,0.11718592396125817
1000,recall,3,998,summary_gpt4o_65_1,65,2026,100.7014564594848,0.10090326298545571
1000,brief,brief_3,618,summary_gpt4o_65_1,65,2026,94.03217679173451,0.15215562587659306
1000,summary,summary_gpt4o_23_1,975,summary_gpt4o_66_1,66,1977,191.3518390929507,0.19625829650559048
1000,short_summary,summary_gpt4o_11_1,632,summary_gpt4o_66_1,66,1977,78.61594517505,0.12439231831495254
1000,recall,3,998,summary_gpt4o_66_1,66,1977,89.4386592419205,0.08961789503198447
1000,brief,brief_3,618,summary_gpt4o_66_1,66,1977,69.8057173242853,0.11295423515256521
1000,summary,summary_gpt4o_23_1,975,summary_gpt4o_67_1,67,2589,204.75832450488156,0.21000853795372468
1000,short_summary,summary_gpt4o_11_1,632,summary_gpt4o_67_1,67,2589,51.63391871254885,0.08169923846922286
1000,recall,3,998,summary_gpt4o_67_1,67,2589,102.1711896255365,0.1023759415085536
1000,brief,brief_3,618,summary_gpt4o_67_1,67,2589,74.12577677342665,0.11994462261072274
1000,summary,summary_gpt4o_23_1,975,summary_gpt4o_68_1,68,1927,184.6958921924428,0.18943168429994134
1000,short_summary,summary_gpt4o_11_1,632,summary_gpt4o_68_1,68,1927,73.91903335825577,0.11696049582002496
1000,recall,3,998,summary_gpt4o_68_1,68,1927,99.51349303008465,0.09971291886782029
1000,brief,brief_3,618,summary_gpt4o_68_1,68,1927,77.11563274655441,0.12478257725979679
1000,summary,summary_gpt4o_23_1,975,summary_gpt4o_69_1,69,2969,160.07936686433482,0.16418396601470236
1000,short_summary,summary_gpt4o_11_1,632,summary_gpt4o_69_1,69,2969,77.1613102231372,0.12209068073281204
1000,recall,3,998,summary_gpt4o_69_1,69,2969,76.77812230521204,0.07693198627776757
1000,brief,brief_3,618,summary_gpt4o_69_1,69,2969,64.09282434319675,0.10371007175274556
1000,summary,summary_gpt4o_23_1,975,summary_gpt4o_70_1,70,2792,202.9181633482715,0.20812119317771435
1000,short_summary,summary_gpt4o_11_1,632,summary_gpt4o_70_1,70,2792,89.51527187802185,0.14163808841459152
1000,recall,3,998,summary_gpt4o_70_1,70,2792,126.57228868285527,0.12682594056398325
1000,brief,brief_3,618,summary_gpt4o_70_1,70,2792,90.42937901939968,0.14632585601844608
1000,summary,summary_gpt4o_23_1,975,summary_gpt4o_71_1,71,2913,209.5683991982196,0.21494194789560983
1000,short_summary,summary_gpt4o_11_1,632,summary_gpt4o_71_1,71,2913,78.58039297077403,0.12433606482717409
1000,recall,3,998,summary_gpt4o_71_1,71,2913,88.28493414874902,0.08846185786447797
1000,brief,brief_3,618,summary_gpt4o_71_1,71,2913,78.981767560668,0.1278022128813398
1000,summary,summary_gpt4o_23_1,975,summary_gpt4o_72_1,72,3030,211.56539242283705,0.21699014607470465
1000,short_summary,summary_gpt4o_11_1,632,summary_gpt4o_72_1,72,3030,64.54389333067002,0.1021264134978956
1000,recall,3,998,summary_gpt4o_72_1,72,3030,92.73294092834136,0.09291877848531199
1000,brief,brief_3,618,summary_gpt4o_72_1,72,3030,77.28477163061348,0.12505626477445547
1000,summary,summary_gpt4o_23_1,975,summary_gpt4o_73_1,73,2434,196.62378068676549,0.20166541608899025
1000,short_summary,summary_gpt4o_11_1,632,summary_gpt4o_73_1,73,2434,73.81628455887744,0.11679791860581874
1000,recall,3,998,summary_gpt4o_73_1,73,2434,108.95481019874136,0.10917315651176489
1000,brief,brief_3,618,summary_gpt4o_73_1,73,2434,73.31612600753124,0.11863450810280135
1000,summary,summary_gpt4o_23_1,975,summary_gpt4o_74_1,74,3473,181.03768297083116,0.1856796748418781
1000,short_summary,summary_gpt4o_11_1,632,summary_gpt4o_74_1,74,3473,70.64190907517764,0.11177517258730639
1000,recall,3,998,summary_gpt4o_74_1,74,3473,56.649899016579866,0.0567634258683165
1000,brief,brief_3,618,summary_gpt4o_74_1,74,3473,43.41038524674127,0.07024334182320593
1000,summary,summary_gpt4o_23_1,975,summary_gpt4o_75_1,75,3110,235.89976472344188,0.24194847663942756
1000,short_summary,summary_gpt4o_11_1,632,summary_gpt4o_75_1,75,3110,109.82358912873156,0.17377150178596765
1000,recall,3,998,summary_gpt4o_75_1,75,3110,155.10649624962525,0.15541733091144816
1000,brief,brief_3,618,summary_gpt4o_75_1,75,3110,139.61503999834076,0.2259143042044349
1000,summary,summary_gpt4o_23_1,975,summary_gpt4o_76_1,76,2882,200.02122334620344,0.20514997266277277
1000,short_summary,summary_gpt4o_11_1,632,summary_gpt4o_76_1,76,2882,68.57582692850133,0.10850605526661602
1000,recall,3,998,summary_gpt4o_76_1,76,2882,121.7659986616527,0.1220100186990508
1000,brief,brief_3,618,summary_gpt4o_76_1,76,2882,74.49632845166911,0.1205442207955811
1000,summary,summary_gpt4o_23_1,975,summary_gpt4o_77_1,77,2412,183.6602574969702,0.18836949486868737
1000,short_summary,summary_gpt4o_11_1,632,summary_gpt4o_77_1,77,2412,72.46429860369199,0.11465870032229744
1000,recall,3,998,summary_gpt4o_77_1,77,2412,104.83939865871412,0.10504949765402216
1000,brief,brief_3,618,summary_gpt4o_77_1,77,2412,89.067252350015,0.14412176755665856
1000,summary,summary_gpt4o_23_1,975,summary_gpt4o_78_1,78,4135,197.1666780804649,0.20222223392868194
1000,short_summary,summary_gpt4o_11_1,632,summary_gpt4o_78_1,78,4135,58.84968918005916,0.09311659680389107
1000,recall,3,998,summary_gpt4o_78_1,78,4135,89.55867759975081,0.08973815390756594
1000,brief,brief_3,618,summary_gpt4o_78_1,78,4135,61.77207826688005,0.09995481920207128
1000,summary,summary_gpt4o_23_1,975,summary_gpt4o_79_1,79,3494,187.53434357313017,0.19234291648526172
1000,short_summary,summary_gpt4o_11_1,632,summary_gpt4o_79_1,79,3494,68.1151185661347,0.10777708633882073
1000,recall,3,998,summary_gpt4o_79_1,79,3494,102.5633078337828,0.10276884552483247
1000,brief,brief_3,618,summary_gpt4o_79_1,79,3494,67.5575551347365,0.10931643225685518
1000,summary,summary_gpt4o_23_1,975,summary_gpt4o_80_1,80,3176,157.19989577721026,0.16123066233560027
1000,short_summary,summary_gpt4o_11_1,632,summary_gpt4o_80_1,80,3176,85.02040332293154,0.13452595462489167
1000,recall,3,998,summary_gpt4o_80_1,80,3176,83.92605454141881,0.08409424302747376
1000,brief,brief_3,618,summary_gpt4o_80_1,80,3176,54.06380362664504,0.08748188289101139
1000,summary,summary_gpt4o_23_1,975,summary_gpt4o_81_1,81,2739,185.25946612830512,0.1900097088495437
1000,short_summary,summary_gpt4o_11_1,632,summary_gpt4o_81_1,81,2739,65.05026585892642,0.10292763585273168
1000,recall,3,998,summary_gpt4o_81_1,81,2739,106.03083894325005,0.10624332559443893
1000,brief,brief_3,618,summary_gpt4o_81_1,81,2739,84.92951696102705,0.13742640284955834
1000,summary,summary_gpt4o_23_1,975,summary_gpt4o_82_1,82,3090,200.63815045096976,0.20578271841125104
1000,short_summary,summary_gpt4o_11_1,632,summary_gpt4o_82_1,82,3090,66.75259772778918,0.10562119893637528
1000,recall,3,998,summary_gpt4o_82_1,82,3090,108.50562182370868,0.10872306795962794
1000,brief,brief_3,618,summary_gpt4o_82_1,82,3090,91.070958908555,0.14736401117889159
1000,summary,summary_gpt4o_23_1,975,summary_gpt4o_83_1,83,2641,202.7889634359092,0.20798868044708638
1000,short_summary,summary_gpt4o_11_1,632,summary_gpt4o_83_1,83,2641,78.45389464000777,0.12413590924051864
1000,recall,3,998,summary_gpt4o_83_1,83,2641,122.5886700592432,0.12283433873671663
1000,brief,brief_3,618,summary_gpt4o_83_1,83,2641,89.32379629624074,0.14453688721074553
1000,summary,summary_gpt4o_23_1,975,summary_gpt4o_84_1,84,3636,181.56693863148075,0.18622250116049308
1000,short_summary,summary_gpt4o_11_1,632,summary_gpt4o_84_1,84,3636,42.5274003277832,0.06729019039206202
1000,recall,3,998,summary_gpt4o_84_1,84,3636,63.45401776885728,0.06358118012911551
1000,brief,brief_3,618,summary_gpt4o_84_1,84,3636,51.39159014181905,0.08315791285083989
1000,summary,summary_gpt4o_23_1,975,summary_gpt4o_85_1,85,2360,189.7450289405574,0.1946102860928794
1000,short_summary,summary_gpt4o_11_1,632,summary_gpt4o_85_1,85,2360,76.59938519891602,0.12120155885904434
1000,recall,3,998,summary_gpt4o_85_1,85,2360,94.44520898417932,0.09463447794005944
1000,brief,brief_3,618,summary_gpt4o_85_1,85,2360,71.04110097731427,0.11495323782736937
1000,summary,summary_gpt4o_23_1,975,summary_gpt4o_86_1,86,3016,213.518000990083,0.21899282152829028
1000,short_summary,summary_gpt4o_11_1,632,summary_gpt4o_86_1,86,3016,66.84055512501527,0.10576037203325202
1000,recall,3,998,summary_gpt4o_86_1,86,3016,152.7827414970602,0.15308891933573165
1000,brief,brief_3,618,summary_gpt4o_86_1,86,3016,96.2123315723088,0.15568338442121166
1000,summary,summary_gpt4o_23_1,975,summary_gpt4o_90_1,90,2408,192.98329762123512,0.1979315873038309
1000,short_summary,summary_gpt4o_11_1,632,summary_gpt4o_90_1,90,2408,64.56871527617477,0.10216568872812463
1000,recall,3,998,summary_gpt4o_90_1,90,2408,101.29210522680523,0.10149509541764051
1000,brief,brief_3,618,summary_gpt4o_90_1,90,2408,64.68583605701906,0.10466963763271693
1000,summary,summary_gpt4o_23_1,975,summary_gpt4o_100_1,100,2915,165.87415203488445,0.1701273354203943
1000,short_summary,summary_gpt4o_11_1,632,summary_gpt4o_100_1,100,2915,69.11693491905635,0.10936223879597523
1000,recall,3,998,summary_gpt4o_100_1,100,2915,123.4694957411657,0.12371692960036644
1000,brief,brief_3,618,summary_gpt4o_100_1,100,2915,92.045625047768,0.14894114085399351
1000,summary,summary_gpt4o_23_1,975,summary_gpt4o_110_1,110,3495,153.53238611540064,0.1574691139645135
1000,short_summary,summary_gpt4o_11_1,632,summary_gpt4o_110_1,110,3495,67.12322637874831,0.10620763667523467
1000,recall,3,998,summary_gpt4o_110_1,110,3495,79.23288082642057,0.07939166415473004
1000,brief,brief_3,618,summary_gpt4o_110_1,110,3495,66.31737725361154,0.10730967193141026
1000,summary,summary_gpt4o_23_1,975,summary_gpt4o_120_1,120,3707,165.39445474224385,0.1696353381971732
1000,short_summary,summary_gpt4o_11_1,632,summary_gpt4o_120_1,120,3707,69.31425514570083,0.10967445434446334
1000,recall,3,998,summary_gpt4o_120_1,120,3707,117.03522005873695,0.11726975957789273
1000,brief,brief_3,618,summary_gpt4o_120_1,120,3707,86.1804299743244,0.13945053393903625
1000,summary,summary_gpt4o_23_1,975,summary_gpt4o_130_1,130,5111,169.8179999778763,0.17417230766961672
1000,short_summary,summary_gpt4o_11_1,632,summary_gpt4o_130_1,130,5111,25.90759892551523,0.040993036274549415
1000,recall,3,998,summary_gpt4o_130_1,130,5111,81.4218680516883,0.0815850381279442
1000,brief,brief_3,618,summary_gpt4o_130_1,130,5111,49.032478490184985,0.07934058008120548
1000,summary,summary_gpt4o_23_1,975,summary_gpt4o_140_1,140,2344,211.54242015734167,0.21696658477676067
1000,short_summary,summary_gpt4o_11_1,632,summary_gpt4o_140_1,140,2344,70.85430946614633,0.11211124915529483
1000,recall,3,998,summary_gpt4o_140_1,140,2344,67.93608645988456,0.06807223092172802
1000,brief,brief_3,618,summary_gpt4o_140_1,140,2344,62.20865865698306,0.10066125996275577
1000,summary,summary_gpt4o_23_1,975,summary_gpt4o_150_1,150,1862,188.78757082205868,0.19362827776621402
1000,short_summary,summary_gpt4o_11_1,632,summary_gpt4o_150_1,150,1862,79.1932995382432,0.1253058536997519
1000,recall,3,998,summary_gpt4o_150_1,150,1862,106.7489221920473,0.10696284788782295
1000,brief,brief_3,618,summary_gpt4o_150_1,150,1862,89.28859043887826,0.14447991980401012
1000,summary,summary_gpt4o_23_1,975,summary_gpt4o_160_1,160,2963,204.86701244974188,0.21012001276896602
1000,short_summary,summary_gpt4o_11_1,632,summary_gpt4o_160_1,160,2963,73.58230755362047,0.11642770182534884
1000,recall,3,998,summary_gpt4o_160_1,160,2963,90.30115350973163,0.09048211774522208
1000,brief,brief_3,618,summary_gpt4o_160_1,160,2963,75.81833840934473,0.1226833954843766
1000,summary,summary_gpt4o_23_1,975,summary_gpt4o_170_1,170,4716,167.9029495133923,0.17220815334706902
1000,short_summary,summary_gpt4o_11_1,632,summary_gpt4o_170_1,170,4716,35.680792772596305,0.056456950589551115
1000,recall,3,998,summary_gpt4o_170_1,170,4716,76.76652955186819,0.07692037029245309
1000,brief,brief_3,618,summary_gpt4o_170_1,170,4716,70.05021064576886,0.11334985541386547
1000,summary,summary_gpt4o_23_1,975,summary_gpt4o_180_1,180,3334,159.97329321499774,0.1640751725282028
1000,short_summary,summary_gpt4o_11_1,632,summary_gpt4o_180_1,180,3334,51.428328741001906,0.08137393788133213
1000,recall,3,998,summary_gpt4o_180_1,180,3334,105.43991584479772,0.10565121828136044
1000,brief,brief_3,618,summary_gpt4o_180_1,180,3334,78.0467868647711,0.1262892991339338
1000,summary,summary_gpt4o_23_1,975,summary_gpt4o_181_1,181,2652,146.68326371428498,0.1504443730402923
1000,short_summary,summary_gpt4o_11_1,632,summary_gpt4o_181_1,181,2652,60.90589529119825,0.09637008748607317
1000,recall,3,998,summary_gpt4o_181_1,181,2652,100.51663103557394,0.10071806716991376
1000,brief,brief_3,618,summary_gpt4o_181_1,181,2652,70.87987001777446,0.11469234630707842
1000,summary,summary_gpt4o_23_1,975,summary_gpt4o_182_1,182,6567,148.5052655482168,0.15231309286996597
1000,short_summary,summary_gpt4o_11_1,632,summary_gpt4o_182_1,182,6567,16.321049908710393,0.025824446058086065
1000,recall,3,998,summary_gpt4o_182_1,182,6567,85.10633941143578,0.08527689319783145
1000,brief,brief_3,618,summary_gpt4o_182_1,182,6567,43.293172025675176,0.07005367641695012
1000,summary,summary_gpt4o_23_1,975,summary_gpt4o_183_1,183,3384,201.67269898268364,0.2068437938283935
1000,short_summary,summary_gpt4o_11_1,632,summary_gpt4o_183_1,183,3384,64.06211521201112,0.10136410634811886
1000,recall,3,998,summary_gpt4o_183_1,183,3384,110.94003750883304,0.11116236223329964
1000,brief,brief_3,618,summary_gpt4o_183_1,183,3384,69.44920470486795,0.11237735389137209
1000,summary,summary_gpt4o_23_1,975,summary_gpt4o_184_1,184,3004,162.71695360676563,0.1668891831864263
1000,short_summary,summary_gpt4o_11_1,632,summary_gpt4o_184_1,184,3004,62.519336457728514,0.09892300072425397
1000,recall,3,998,summary_gpt4o_184_1,184,3004,100.58705717748626,0.10078863444637902
1000,brief,brief_3,618,summary_gpt4o_184_1,184,3004,83.04273764944651,0.13437336189230825
1000,summary,summary_gpt4o_23_1,975,summary_gpt4o_185_1,185,5430,143.43710990533827,0.14711498451829566
1000,short_summary,summary_gpt4o_11_1,632,summary_gpt4o_185_1,185,5430,15.907985465065394,0.02517086307763512
1000,recall,3,998,summary_gpt4o_185_1,185,5430,75.62752843539101,0.07577908660860823
1000,brief,brief_3,618,summary_gpt4o_185_1,185,5430,28.65539743152931,0.0463679570089471
1000,summary,summary_gpt4o_23_1,975,summary_gpt4o_186_1,186,8438,151.95182662888692,0.1558480273116789
1000,short_summary,summary_gpt4o_11_1,632,summary_gpt4o_186_1,186,8438,13.691883139122185,0.02166437205557308
1000,recall,3,998,summary_gpt4o_186_1,186,8438,29.85973730083606,0.029919576453743546
1000,brief,brief_3,618,summary_gpt4o_186_1,186,8438,12.57800224694074,0.02035275444488793
1000,summary,summary_gpt4o_23_1,975,summary_gpt4o_187_1,187,7899,146.7200953022898,0.15048214902798954
1000,short_summary,summary_gpt4o_11_1,632,summary_gpt4o_187_1,187,7899,40.40616924607548,0.06393381209822069
1000,recall,3,998,summary_gpt4o_187_1,187,7899,97.2469722980095,0.09744185601002955
1000,brief,brief_3,618,summary_gpt4o_187_1,187,7899,68.23539235747376,0.11041325624186692
1000,summary,summary_gpt4o_23_1,975,summary_gpt4o_189_1,189,3213,207.52791127406908,0.212849139768276
1000,short_summary,summary_gpt4o_11_1,632,summary_gpt4o_189_1,189,3213,67.6219841119605,0.10699681030373497
1000,recall,3,998,summary_gpt4o_189_1,189,3213,114.57182384725093,0.11480142670065223
1000,brief,brief_3,618,summary_gpt4o_189_1,189,3213,89.78729821331854,0.14528689031281317
1000,summary,summary_gpt4o_23_1,975,summary_gpt4o_190_1,190,3049,200.2523725125352,0.20538704873080535
1000,short_summary,summary_gpt4o_11_1,632,summary_gpt4o_190_1,190,3049,71.23769305299106,0.11271786875473269
1000,recall,3,998,summary_gpt4o_190_1,190,3049,100.17076951023864,0.10037151253530927
1000,brief,brief_3,618,summary_gpt4o_190_1,190,3049,84.54479593608335,0.1368038769192287
1000,summary,summary_gpt4o_23_1,975,summary_gpt4o_191_1,191,7015,124.26850270067052,0.1274548745647903
1000,short_summary,summary_gpt4o_11_1,632,summary_gpt4o_191_1,191,7015,15.63830540697063,0.024744154124953528
1000,recall,3,998,summary_gpt4o_191_1,191,7015,78.21523754029249,0.07837198150329909
1000,brief,brief_3,618,summary_gpt4o_191_1,191,7015,50.04443920367112,0.08097805696386912
1000,summary,summary_gpt4o_23_1,975,summary_gpt4o_192_1,192,2631,128.71596756785038,0.13201637699266705
1000,short_summary,summary_gpt4o_11_1,632,summary_gpt4o_192_1,192,2631,67.4210441448804,0.10667886731784873
1000,recall,3,998,summary_gpt4o_192_1,192,2631,112.25748611104292,0.11248245101306906
1000,brief,brief_3,618,summary_gpt4o_192_1,192,2631,69.98170933464917,0.11323901186836435
1000,summary,summary_gpt4o_23_1,975,summary_gpt4o_193_1,193,6556,178.02664657349442,0.18259143238307118
1000,short_summary,summary_gpt4o_11_1,632,summary_gpt4o_193_1,193,6556,41.391484029167714,0.06549285447653119
1000,recall,3,998,summary_gpt4o_193_1,193,6556,79.91166769001575,0.08007181131264103
1000,brief,brief_3,618,summary_gpt4o_193_1,193,6556,45.052443592441705,0.07290039416252703
1000,summary,summary_gpt4o_23_1,975,summary_gpt4o_194_1,194,5161,162.33029266973745,0.16649260786639739
1000,short_summary,summary_gpt4o_11_1,632,summary_gpt4o_194_1,194,5161,32.97631665183417,0.052177716221256595
1000,recall,3,998,summary_gpt4o_194_1,194,5161,61.68320191265411,0.061806815543741594
1000,brief,brief_3,618,summary_gpt4o_194_1,194,5161,47.836792491267715,0.07740581309266621
1175,summary,summary_gpt4o_32_1,1173,summary_gpt4o_3_1,3,222,43.25252072720001,0.03687341920477409
1175,short_summary,summary_gpt4o_16_1,775,summary_gpt4o_3_1,3,222,32.49670462716,0.041931231776980646
1175,recall,91,1175,summary_gpt4o_3_1,3,222,12.297684551799987,0.010466114512170202
1175,brief,brief_91,771,summary_gpt4o_3_1,3,222,24.375555329699992,0.03161550626420232
1175,summary,summary_gpt4o_32_1,1173,summary_gpt4o_4_1,4,330,29.875106122876005,0.02546897367679114
1175,short_summary,summary_gpt4o_16_1,775,summary_gpt4o_4_1,4,330,30.16029913934004,0.03891651501850328
1175,recall,91,1175,summary_gpt4o_4_1,4,330,16.445771274180004,0.013996401084408513
1175,brief,brief_91,771,summary_gpt4o_4_1,4,330,25.556319773410024,0.03314697765682234
1175,summary,summary_gpt4o_32_1,1173,summary_gpt4o_5_1,5,347,82.97179865659997,0.07073469621193519
1175,short_summary,summary_gpt4o_16_1,775,summary_gpt4o_5_1,5,347,73.84620613499996,0.09528542727096768
1175,recall,91,1175,summary_gpt4o_5_1,5,347,40.95365436699995,0.03485417392936166
1175,brief,brief_91,771,summary_gpt4o_5_1,5,347,47.26060273799996,0.06129779862256804
1175,summary,summary_gpt4o_32_1,1173,summary_gpt4o_6_1,6,388,104.43681012726005,0.08903393872741693
1175,short_summary,summary_gpt4o_16_1,775,summary_gpt4o_6_1,6,388,82.02046655527002,0.10583286007131615
1175,recall,91,1175,summary_gpt4o_6_1,6,388,60.68691886220003,0.05164844158485109
1175,brief,brief_91,771,summary_gpt4o_6_1,6,388,62.33743407860001,0.08085270308508433
1175,summary,summary_gpt4o_32_1,1173,summary_gpt4o_7_1,7,382,58.01339795627399,0.04945728726025063
1175,short_summary,summary_gpt4o_16_1,775,summary_gpt4o_7_1,7,382,46.476507816870935,0.05996968750563992
1175,recall,91,1175,summary_gpt4o_7_1,7,382,26.55852764415997,0.02260300225034891
1175,brief,brief_91,771,summary_gpt4o_7_1,7,382,30.34323124222294,0.03935568254503624
1175,summary,summary_gpt4o_32_1,1173,summary_gpt4o_8_1,8,617,128.1478279850324,0.10924793519610605
1175,short_summary,summary_gpt4o_16_1,775,summary_gpt4o_8_1,8,617,63.19234437258365,0.08153850886784987
1175,recall,91,1175,summary_gpt4o_8_1,8,617,44.45874387727645,0.037837228831724634
1175,brief,brief_91,771,summary_gpt4o_8_1,8,617,46.29124329062233,0.06004052307473714
1175,summary,summary_gpt4o_32_1,1173,summary_gpt4o_9_1,9,555,135.02020267774222,0.11510673715067538
1175,short_summary,summary_gpt4o_16_1,775,summary_gpt4o_9_1,9,555,124.257178847874,0.16033184367467612
1175,recall,91,1175,summary_gpt4o_9_1,9,555,71.95360926289297,0.06123711426629189
1175,brief,brief_91,771,summary_gpt4o_9_1,9,555,67.62698737777492,0.08771334290243181
1175,summary,summary_gpt4o_32_1,1173,summary_gpt4o_10_1,10,562,91.6959128689723,0.07817213373313922
1175,short_summary,summary_gpt4o_16_1,775,summary_gpt4o_10_1,10,562,92.51834917189603,0.11937851506051102
1175,recall,91,1175,summary_gpt4o_10_1,10,562,29.37240658199221,0.02499779283573805
1175,brief,brief_91,771,summary_gpt4o_10_1,10,562,39.9573343236753,0.051825336347179375
1175,summary,summary_gpt4o_32_1,1173,summary_gpt4o_11_1,11,645,129.476644688739,0.11038077126064705
1175,short_summary,summary_gpt4o_16_1,775,summary_gpt4o_11_1,11,645,100.74627827970158,0.1299951977802601
1175,recall,91,1175,summary_gpt4o_11_1,11,645,61.25596138496806,0.05213273309358984
1175,brief,brief_91,771,summary_gpt4o_11_1,11,645,62.47629660763505,0.08103281012663431
1175,summary,summary_gpt4o_32_1,1173,summary_gpt4o_12_1,12,606,88.5270571898005,0.07547063699045226
1175,short_summary,summary_gpt4o_16_1,775,summary_gpt4o_12_1,12,606,88.28506395650598,0.11391621155678192
1175,recall,91,1175,summary_gpt4o_12_1,12,606,62.76775710304497,0.053419367747272316
1175,brief,brief_91,771,summary_gpt4o_12_1,12,606,70.11630357405,0.0909420279819066
1175,summary,summary_gpt4o_32_1,1173,summary_gpt4o_13_1,13,833,144.81792805541505,0.12345944420751497
1175,short_summary,summary_gpt4o_16_1,775,summary_gpt4o_13_1,13,833,98.42077844842254,0.12699455283667424
1175,recall,91,1175,summary_gpt4o_13_1,13,833,62.881687610901054,0.05351632988161792
1175,brief,brief_91,771,summary_gpt4o_13_1,13,833,63.86632408004971,0.08283569919591402
1175,summary,summary_gpt4o_32_1,1173,summary_gpt4o_14_1,14,674,136.16950102969105,0.11608653114210661
1175,short_summary,summary_gpt4o_16_1,775,summary_gpt4o_14_1,14,674,129.94297525889272,0.1676683551727648
1175,recall,91,1175,summary_gpt4o_14_1,14,674,73.83494476284,0.06283825086199149
1175,brief,brief_91,771,summary_gpt4o_14_1,14,674,77.1291453872613,0.10003780205870468
1175,summary,summary_gpt4o_32_1,1173,summary_gpt4o_15_1,15,828,143.88598988046022,0.12266495300977001
1175,short_summary,summary_gpt4o_16_1,775,summary_gpt4o_15_1,15,828,119.10144763742476,0.15367928727409647
1175,recall,91,1175,summary_gpt4o_15_1,15,828,89.75851066825953,0.07639022184532726
1175,brief,brief_91,771,summary_gpt4o_15_1,15,828,97.19127036918236,0.12605871643214314
1175,summary,summary_gpt4o_32_1,1173,summary_gpt4o_17_1,17,845,183.55415680867276,0.15648265712589324
1175,short_summary,summary_gpt4o_16_1,775,summary_gpt4o_17_1,17,845,140.45510422426128,0.1812323925474339
1175,recall,91,1175,summary_gpt4o_17_1,17,845,94.93329629114606,0.08079429471586899
1175,brief,brief_91,771,summary_gpt4o_17_1,17,845,87.9967577750561,0.11413327856686913
1175,summary,summary_gpt4o_32_1,1173,summary_gpt4o_18_1,18,768,188.2400574612325,0.1604774573412042
1175,short_summary,summary_gpt4o_16_1,775,summary_gpt4o_18_1,18,768,111.739453815895,0.14417994040760646
1175,recall,91,1175,summary_gpt4o_18_1,18,768,64.00598212697003,0.05447317627827236
1175,brief,brief_91,771,summary_gpt4o_18_1,18,768,72.66031988178997,0.09424166002826197
1175,summary,summary_gpt4o_32_1,1173,summary_gpt4o_19_1,19,884,177.63871000606505,0.15143965047405375
1175,short_summary,summary_gpt4o_16_1,775,summary_gpt4o_19_1,19,884,115.05694607222097,0.1484605755770593
1175,recall,91,1175,summary_gpt4o_19_1,19,884,105.95605764186972,0.09017536820584657
1175,brief,brief_91,771,summary_gpt4o_19_1,19,884,95.32258738377249,0.12363500309179311
1175,summary,summary_gpt4o_32_1,1173,summary_gpt4o_20_1,20,694,175.83097958691326,0.1498985333221767
1175,short_summary,summary_gpt4o_16_1,775,summary_gpt4o_20_1,20,694,143.1711687310642,0.18473699191105059
1175,recall,91,1175,summary_gpt4o_20_1,20,694,90.06345136442405,0.07664974584206302
1175,brief,brief_91,771,summary_gpt4o_20_1,20,694,96.90462692580206,0.12568693505292097
1175,summary,summary_gpt4o_32_1,1173,summary_gpt4o_21_1,21,1139,146.13791026418414,0.12458474873331982
1175,short_summary,summary_gpt4o_16_1,775,summary_gpt4o_21_1,21,1139,116.86313470025748,0.1507911415487193
1175,recall,91,1175,summary_gpt4o_21_1,21,1139,86.53801666222819,0.07364937588274739
1175,brief,brief_91,771,summary_gpt4o_21_1,21,1139,73.4450492574137,0.09525946725993995
1175,summary,summary_gpt4o_32_1,1173,summary_gpt4o_22_1,22,1264,184.3879192318193,0.15719345203053647
1175,short_summary,summary_gpt4o_16_1,775,summary_gpt4o_22_1,22,1264,181.3354106110796,0.2339811749820382
1175,recall,91,1175,summary_gpt4o_22_1,22,1264,99.30569587046762,0.08451548584720649
1175,brief,brief_91,771,summary_gpt4o_22_1,22,1264,92.67967896712103,0.12020710631273805
1175,summary,summary_gpt4o_32_1,1173,summary_gpt4o_23_1,23,1001,200.18322199415405,0.17065918328572383
1175,short_summary,summary_gpt4o_16_1,775,summary_gpt4o_23_1,23,1001,111.0476217685781,0.1432872538949395
1175,recall,91,1175,summary_gpt4o_23_1,23,1001,101.153935528803,0.08608845576919405
1175,brief,brief_91,771,summary_gpt4o_23_1,23,1001,102.51983755138116,0.13296995791359423
1175,summary,summary_gpt4o_32_1,1173,summary_gpt4o_24_1,24,1052,194.00153730428167,0.16538920486298522
1175,short_summary,summary_gpt4o_16_1,775,summary_gpt4o_24_1,24,1052,125.01654070267296,0.1613116654228038
1175,recall,91,1175,summary_gpt4o_24_1,24,1052,137.69736998157498,0.11718925104814892
1175,brief,brief_91,771,summary_gpt4o_24_1,24,1052,120.03368269613496,0.15568571037112186
1175,summary,summary_gpt4o_32_1,1173,summary_gpt4o_25_1,25,1170,199.31552989513852,0.16991946282620504
1175,short_summary,summary_gpt4o_16_1,775,summary_gpt4o_25_1,25,1170,147.4765628045003,0.19029233910258103
1175,recall,91,1175,summary_gpt4o_25_1,25,1170,102.91002018908148,0.08758299590560126
1175,brief,brief_91,771,summary_gpt4o_25_1,25,1170,93.93581316890396,0.12183633355240463
1175,summary,summary_gpt4o_32_1,1173,summary_gpt4o_26_1,26,1288,212.2313826806796,0.18093042001762966
1175,short_summary,summary_gpt4o_16_1,775,summary_gpt4o_26_1,26,1288,99.1547914142759,0.12794166634100118
1175,recall,91,1175,summary_gpt4o_26_1,26,1288,105.66765020283208,0.08992991506624007
1175,brief,brief_91,771,summary_gpt4o_26_1,26,1288,98.53286998309623,0.12779879375239458
1175,summary,summary_gpt4o_32_1,1173,summary_gpt4o_27_1,27,1517,220.86547289446207,0.1882911107369668
1175,short_summary,summary_gpt4o_16_1,775,summary_gpt4o_27_1,27,1517,135.93036546068527,0.1753940199492713
1175,recall,91,1175,summary_gpt4o_27_1,27,1517,120.30536290505744,0.10238754289792122
1175,brief,brief_91,771,summary_gpt4o_27_1,27,1517,108.59415769285738,0.14084845355753228
1175,summary,summary_gpt4o_32_1,1173,summary_gpt4o_28_1,28,1243,198.17319219156775,0.1689456028913621
1175,short_summary,summary_gpt4o_16_1,775,summary_gpt4o_28_1,28,1243,135.86425263142803,0.17530871307281037
1175,recall,91,1175,summary_gpt4o_28_1,28,1243,105.3933419288021,0.08969646121600179
1175,brief,brief_91,771,summary_gpt4o_28_1,28,1243,103.12956765721516,0.1337607881416539
1175,summary,summary_gpt4o_32_1,1173,summary_gpt4o_29_1,29,1192,229.14698057694147,0.1953512195881854
1175,short_summary,summary_gpt4o_16_1,775,summary_gpt4o_29_1,29,1192,141.37456797259136,0.18241879738398886
1175,recall,91,1175,summary_gpt4o_29_1,29,1192,93.75709670775312,0.07979327379383244
1175,brief,brief_91,771,summary_gpt4o_29_1,29,1192,90.88019282837502,0.11787314244925423
1175,summary,summary_gpt4o_32_1,1173,summary_gpt4o_30_1,30,1313,220.5660365596521,0.18803583679424732
1175,short_summary,summary_gpt4o_16_1,775,summary_gpt4o_30_1,30,1313,131.28375050091552,0.1693983877431168
1175,recall,91,1175,summary_gpt4o_30_1,30,1313,99.85081407770258,0.08497941623634263
1175,brief,brief_91,771,summary_gpt4o_30_1,30,1313,93.7151244980223,0.12155009662519106
1175,summary,summary_gpt4o_32_1,1173,summary_gpt4o_31_1,31,1221,204.68979113954163,0.17450110071572175
1175,short_summary,summary_gpt4o_16_1,775,summary_gpt4o_31_1,31,1221,143.6142053613961,0.1853086520792208
1175,recall,91,1175,summary_gpt4o_31_1,31,1221,128.37008496480962,0.10925113614026351
1175,brief,brief_91,771,summary_gpt4o_31_1,31,1221,113.85559509790494,0.1476726265861283
1175,summary,summary_gpt4o_32_1,1173,summary_gpt4o_33_1,33,1299,186.2788844622413,0.15880552810080248
1175,short_summary,summary_gpt4o_16_1,775,summary_gpt4o_33_1,33,1299,135.2627363632945,0.17453256304941225
1175,recall,91,1175,summary_gpt4o_33_1,33,1299,139.56995509229705,0.1187829405040826
1175,brief,brief_91,771,summary_gpt4o_33_1,33,1299,123.991554505276,0.16081913684212193
1175,summary,summary_gpt4o_32_1,1173,summary_gpt4o_34_1,34,1458,228.96035301946415,0.19519211681113738
1175,short_summary,summary_gpt4o_16_1,775,summary_gpt4o_34_1,34,1458,120.48041351102349,0.15545859807874
1175,recall,91,1175,summary_gpt4o_34_1,34,1458,104.5896866517113,0.08901249927805217
1175,brief,brief_91,771,summary_gpt4o_34_1,34,1458,103.5234019452505,0.134271597853762
1175,summary,summary_gpt4o_32_1,1173,summary_gpt4o_35_1,35,1337,221.28743944457165,0.18865084351625885
1175,short_summary,summary_gpt4o_16_1,775,summary_gpt4o_35_1,35,1337,153.2515210194897,0.19774389808966414
1175,recall,91,1175,summary_gpt4o_35_1,35,1337,138.501639214457,0.11787373550166552
1175,brief,brief_91,771,summary_gpt4o_35_1,35,1337,131.4399344288886,0.170479811191814
1175,summary,summary_gpt4o_32_1,1173,summary_gpt4o_36_1,36,1547,226.35846630056676,0.19297396956570056
1175,short_summary,summary_gpt4o_16_1,775,summary_gpt4o_36_1,36,1547,135.83622136781491,0.17527254370040635
1175,recall,91,1175,summary_gpt4o_36_1,36,1547,95.68786870058295,0.08143648400049613
1175,brief,brief_91,771,summary_gpt4o_36_1,36,1547,77.09182575048396,0.09998939786054989
1175,summary,summary_gpt4o_32_1,1173,summary_gpt4o_37_1,37,2012,253.46738415246205,0.21608472647268717
1175,short_summary,summary_gpt4o_16_1,775,summary_gpt4o_37_1,37,2012,151.94961783546898,0.19606402301350837
1175,recall,91,1175,summary_gpt4o_37_1,37,2012,108.45271330240736,0.09230018153396372
1175,brief,brief_91,771,summary_gpt4o_37_1,37,2012,99.01464663909178,0.12842366619856263
1175,summary,summary_gpt4o_32_1,1173,summary_gpt4o_38_1,38,1437,231.86278081256864,0.19766647980611138
1175,short_summary,summary_gpt4o_16_1,775,summary_gpt4o_38_1,38,1437,155.17079820207528,0.20022038477687132
1175,recall,91,1175,summary_gpt4o_38_1,38,1437,130.52250593420115,0.11108298377378821
1175,brief,brief_91,771,summary_gpt4o_38_1,38,1437,109.2490311196068,0.14169783543399067
1175,summary,summary_gpt4o_32_1,1173,summary_gpt4o_39_1,39,2048,228.86395500665023,0.1951099360670505
1175,short_summary,summary_gpt4o_16_1,775,summary_gpt4o_39_1,39,2048,110.48434762268948,0.14256044854540578
1175,recall,91,1175,summary_gpt4o_39_1,39,2048,123.68997680837084,0.10526806536882626
1175,brief,brief_91,771,summary_gpt4o_39_1,39,2048,129.7808242641314,0.16832791733350377
1175,summary,summary_gpt4o_32_1,1173,summary_gpt4o_40_1,40,1951,240.69470663316704,0.20519582833177072
1175,short_summary,summary_gpt4o_16_1,775,summary_gpt4o_40_1,40,1951,112.51367322521344,0.1451789331938238
1175,recall,91,1175,summary_gpt4o_40_1,40,1951,112.13153565927688,0.09543109417810798
1175,brief,brief_91,771,summary_gpt4o_40_1,40,1951,104.12425801563904,0.13505091830822186
1175,summary,summary_gpt4o_32_1,1173,summary_gpt4o_41_1,41,2233,252.18289774086395,0.21498968264353277
1175,short_summary,summary_gpt4o_16_1,775,summary_gpt4o_41_1,41,2233,140.01839714852872,0.18066889954648868
1175,recall,91,1175,summary_gpt4o_41_1,41,2233,99.19670874421286,0.0844227308461386
1175,brief,brief_91,771,summary_gpt4o_41_1,41,2233,101.5047252706588,0.13165334016946667
1175,summary,summary_gpt4o_32_1,1173,summary_gpt4o_42_1,42,1795,261.0242028421559,0.22252702714591294
1175,short_summary,summary_gpt4o_16_1,775,summary_gpt4o_42_1,42,1795,136.4458704644096,0.1760591876960124
1175,recall,91,1175,summary_gpt4o_42_1,42,1795,144.1401657758729,0.12267248151138119
1175,brief,brief_91,771,summary_gpt4o_42_1,42,1795,132.78460919728502,0.1722238770392802
1175,summary,summary_gpt4o_32_1,1173,summary_gpt4o_43_1,43,2308,255.05234867006516,0.21743593237004702
1175,short_summary,summary_gpt4o_16_1,775,summary_gpt4o_43_1,43,2308,138.06274442122162,0.17814547667254402
1175,recall,91,1175,summary_gpt4o_43_1,43,2308,129.76973037142125,0.1104423237203585
1175,brief,brief_91,771,summary_gpt4o_43_1,43,2308,125.55296156098144,0.1628443081205985
1175,summary,summary_gpt4o_32_1,1173,summary_gpt4o_44_1,44,1696,205.91751130490945,0.1755477504730686
1175,short_summary,summary_gpt4o_16_1,775,summary_gpt4o_44_1,44,1696,130.00881522316058,0.1677533099653685
1175,recall,91,1175,summary_gpt4o_44_1,44,1696,136.5368957791585,0.11620161342907107
1175,brief,brief_91,771,summary_gpt4o_44_1,44,1696,134.93238041110476,0.1750095725176456
1175,summary,summary_gpt4o_32_1,1173,summary_gpt4o_45_1,45,1886,234.21514513909324,0.19967190548942304
1175,short_summary,summary_gpt4o_16_1,775,summary_gpt4o_45_1,45,1886,141.8900103409103,0.18308388431085199
1175,recall,91,1175,summary_gpt4o_45_1,45,1886,102.78366324840611,0.08747545808374989
1175,brief,brief_91,771,summary_gpt4o_45_1,45,1886,92.33713992833384,0.11976282740380524
1175,summary,summary_gpt4o_32_1,1173,summary_gpt4o_46_1,46,1962,218.36357536015373,0.1861582057631319
1175,short_summary,summary_gpt4o_16_1,775,summary_gpt4o_46_1,46,1962,113.75738656540476,0.14678372460052228
1175,recall,91,1175,summary_gpt4o_46_1,46,1962,75.9855391084401,0.06466854392207667
1175,brief,brief_91,771,summary_gpt4o_46_1,46,1962,67.09848599998907,0.08702786770426597
1175,summary,summary_gpt4o_32_1,1173,summary_gpt4o_47_1,47,2011,251.88912131479208,0.21473923385745275
1175,short_summary,summary_gpt4o_16_1,775,summary_gpt4o_47_1,47,2011,149.47739100943056,0.19287405291539428
1175,recall,91,1175,summary_gpt4o_47_1,47,2011,99.1603887027784,0.08439182017257736
1175,brief,brief_91,771,summary_gpt4o_47_1,47,2011,96.48784980188007,0.1251463680958237
1175,summary,summary_gpt4o_32_1,1173,summary_gpt4o_48_1,48,2356,235.97372362686667,0.20117111988650185
1175,short_summary,summary_gpt4o_16_1,775,summary_gpt4o_48_1,48,2356,133.60604245698323,0.1723948934928816
1175,recall,91,1175,summary_gpt4o_48_1,48,2356,131.68172384139484,0.11206955220544242
1175,brief,brief_91,771,summary_gpt4o_48_1,48,2356,126.3146559810118,0.16383223862647445
1175,summary,summary_gpt4o_32_1,1173,summary_gpt4o_49_1,49,2063,226.00130593534357,0.19266948502586834
1175,short_summary,summary_gpt4o_16_1,775,summary_gpt4o_49_1,49,2063,136.27042089278166,0.17583280115197633
1175,recall,91,1175,summary_gpt4o_49_1,49,2063,105.52352116136,0.08980725205222127
1175,brief,brief_91,771,summary_gpt4o_49_1,49,2063,95.97126707028552,0.12447635158273089
1175,summary,summary_gpt4o_32_1,1173,summary_gpt4o_50_1,50,2236,225.4984151624982,0.19224076313938465
1175,short_summary,summary_gpt4o_16_1,775,summary_gpt4o_50_1,50,2236,152.6774832565486,0.1970032042019982
1175,recall,91,1175,summary_gpt4o_50_1,50,2236,105.43917537237256,0.0897354684020192
1175,brief,brief_91,771,summary_gpt4o_50_1,50,2236,106.43260420341926,0.13804488223530384
1175,summary,summary_gpt4o_32_1,1173,summary_gpt4o_51_1,51,2140,277.72668932763804,0.23676614605936747
1175,short_summary,summary_gpt4o_16_1,775,summary_gpt4o_51_1,51,2140,110.7465185644179,0.14289873363150696
1175,recall,91,1175,summary_gpt4o_51_1,51,2140,103.12595428552912,0.08776676960470563
1175,brief,brief_91,771,summary_gpt4o_51_1,51,2140,104.16028082834816,0.1350976405036941
1175,summary,summary_gpt4o_32_1,1173,summary_gpt4o_52_1,52,2113,268.1756290676783,0.22862372469537792
1175,short_summary,summary_gpt4o_16_1,775,summary_gpt4o_52_1,52,2113,120.23843781622804,0.1551463713757781
1175,recall,91,1175,summary_gpt4o_52_1,52,2113,114.76344461410304,0.09767101669285365
1175,brief,brief_91,771,summary_gpt4o_52_1,52,2113,96.20364579435636,0.12477775070603939
1175,summary,summary_gpt4o_32_1,1173,summary_gpt4o_53_1,53,2059,241.9280346709187,0.20624725888398865
1175,short_summary,summary_gpt4o_16_1,775,summary_gpt4o_53_1,53,2059,126.41011905162009,0.1631098310343485
1175,recall,91,1175,summary_gpt4o_53_1,53,2059,109.2663412374136,0.092992630840352
1175,brief,brief_91,771,summary_gpt4o_53_1,53,2059,92.69921642775034,0.12023244672859967
1175,summary,summary_gpt4o_32_1,1173,summary_gpt4o_54_1,54,2625,268.9836595834538,0.22931258276509275
1175,short_summary,summary_gpt4o_16_1,775,summary_gpt4o_54_1,54,2625,114.27290965838849,0.1474489156882432
1175,recall,91,1175,summary_gpt4o_54_1,54,2625,113.23465064034872,0.09636991543859465
1175,brief,brief_91,771,summary_gpt4o_54_1,54,2625,100.6327345732941,0.13052235353215838
1175,summary,summary_gpt4o_32_1,1173,summary_gpt4o_55_1,55,2756,247.452892656451,0.21095728274207248
1175,short_summary,summary_gpt4o_16_1,775,summary_gpt4o_55_1,55,2756,134.4902070703099,0.1735357510584644
1175,recall,91,1175,summary_gpt4o_55_1,55,2756,108.10431736450504,0.09200367435277024
1175,brief,brief_91,771,summary_gpt4o_55_1,55,2756,100.3494825441412,0.1301549708743725
1175,summary,summary_gpt4o_32_1,1173,summary_gpt4o_56_1,56,2221,271.34873718785366,0.23132884670746262
1175,short_summary,summary_gpt4o_16_1,775,summary_gpt4o_56_1,56,2221,136.10001374573744,0.17561292096224185
1175,recall,91,1175,summary_gpt4o_56_1,56,2221,125.87323104816346,0.10712615408354337
1175,brief,brief_91,771,summary_gpt4o_56_1,56,2221,126.55203052368051,0.16414011741073997
1175,summary,summary_gpt4o_32_1,1173,summary_gpt4o_57_1,57,2195,262.22695503562636,0.22355239133471982
1175,short_summary,summary_gpt4o_16_1,775,summary_gpt4o_57_1,57,2195,150.08057845795383,0.19365235930058558
1175,recall,91,1175,summary_gpt4o_57_1,57,2195,122.074686136624,0.10389334990350978
1175,brief,brief_91,771,summary_gpt4o_57_1,57,2195,124.21994300167262,0.16111536057285683
1175,summary,summary_gpt4o_32_1,1173,summary_gpt4o_58_1,58,2431,261.6899471957353,0.22309458413958677
1175,short_summary,summary_gpt4o_16_1,775,summary_gpt4o_58_1,58,2431,127.7018732169081,0.16477661060246207
1175,recall,91,1175,summary_gpt4o_58_1,58,2431,120.12874677374477,0.10223723129680405
1175,brief,brief_91,771,summary_gpt4o_58_1,58,2431,111.14349803009009,0.14415499095990933
1175,summary,summary_gpt4o_32_1,1173,summary_gpt4o_59_1,59,2094,252.3583159999143,0.21513922932644017
1175,short_summary,summary_gpt4o_16_1,775,summary_gpt4o_59_1,59,2094,122.54912688194143,0.15812790565411797
1175,recall,91,1175,summary_gpt4o_59_1,59,2094,123.2077057382994,0.10485762190493565
1175,brief,brief_91,771,summary_gpt4o_59_1,59,2094,113.38859320322445,0.1470669172545064
1175,summary,summary_gpt4o_32_1,1173,summary_gpt4o_60_1,60,2457,259.6395068538677,0.2213465531576025
1175,short_summary,summary_gpt4o_16_1,775,summary_gpt4o_60_1,60,2457,121.14169807081588,0.1563118684784721
1175,recall,91,1175,summary_gpt4o_60_1,60,2457,87.98664257516634,0.07488224900014157
1175,brief,brief_91,771,summary_gpt4o_60_1,60,2457,92.36732091818294,0.11980197265652781
1175,summary,summary_gpt4o_32_1,1173,summary_gpt4o_61_1,61,2542,241.1653375847443,0.2055970482393387
1175,short_summary,summary_gpt4o_16_1,775,summary_gpt4o_61_1,61,2542,111.33572962247264,0.14365900596448083
1175,recall,91,1175,summary_gpt4o_61_1,61,2542,127.94540338162096,0.10888970500563486
1175,brief,brief_91,771,summary_gpt4o_61_1,61,2542,103.81316199436104,0.13464742152316606
1175,summary,summary_gpt4o_32_1,1173,summary_gpt4o_62_1,62,1947,262.89228331300546,0.22411959361722547
1175,short_summary,summary_gpt4o_16_1,775,summary_gpt4o_62_1,62,1947,140.31638234159664,0.1810533965698021
1175,recall,91,1175,summary_gpt4o_62_1,62,1947,142.00605667774107,0.12085621844914134
1175,brief,brief_91,771,summary_gpt4o_62_1,62,1947,116.12459824649612,0.15061556192801054
1175,summary,summary_gpt4o_32_1,1173,summary_gpt4o_63_1,63,2403,268.90891482322604,0.2292488617418807
1175,short_summary,summary_gpt4o_16_1,775,summary_gpt4o_63_1,63,2403,123.6081309542501,0.15949436252161303
1175,recall,91,1175,summary_gpt4o_63_1,63,2403,117.9945210616047,0.10042086898859974
1175,brief,brief_91,771,summary_gpt4o_63_1,63,2403,103.88964843108306,0.1347466257212491
1175,summary,summary_gpt4o_32_1,1173,summary_gpt4o_64_1,64,2483,297.3378620450451,0.2534849633802601
1175,short_summary,summary_gpt4o_16_1,775,summary_gpt4o_64_1,64,2483,129.73206617117694,0.16739621441442185
1175,recall,91,1175,summary_gpt4o_64_1,64,2483,100.18327535494292,0.08526236200420674
1175,brief,brief_91,771,summary_gpt4o_64_1,64,2483,80.8090965218687,0.10481076072875317
1175,summary,summary_gpt4o_32_1,1173,summary_gpt4o_65_1,65,2026,246.05807875027813,0.20976818307781597
1175,short_summary,summary_gpt4o_16_1,775,summary_gpt4o_65_1,65,2026,131.39632857363472,0.1695436497724319
1175,recall,91,1175,summary_gpt4o_65_1,65,2026,100.60993236535955,0.08562547435349749
1175,brief,brief_91,771,summary_gpt4o_65_1,65,2026,99.89452355099002,0.1295648813890921
1175,summary,summary_gpt4o_32_1,1173,summary_gpt4o_66_1,66,1977,248.28930739726684,0.21167033878709876
1175,short_summary,summary_gpt4o_16_1,775,summary_gpt4o_66_1,66,1977,137.24984691263808,0.1770965766614685
1175,recall,91,1175,summary_gpt4o_66_1,66,1977,100.03980722760456,0.08514026147030175
1175,brief,brief_91,771,summary_gpt4o_66_1,66,1977,91.78108066526556,0.11904160916376856
1175,summary,summary_gpt4o_32_1,1173,summary_gpt4o_67_1,67,2589,222.5222525442421,0.18970354010591825
1175,short_summary,summary_gpt4o_16_1,775,summary_gpt4o_67_1,67,2589,111.21244958002762,0.14349993494197114
1175,recall,91,1175,summary_gpt4o_67_1,67,2589,110.38622625634277,0.0939457244734832
1175,brief,brief_91,771,summary_gpt4o_67_1,67,2589,104.19073239477052,0.13513713669879446
1175,summary,summary_gpt4o_32_1,1173,summary_gpt4o_68_1,68,1927,260.14936283349016,0.22178121298677764
1175,short_summary,summary_gpt4o_16_1,775,summary_gpt4o_68_1,68,1927,117.51127302334464,0.15162744906238018
1175,recall,91,1175,summary_gpt4o_68_1,68,1927,106.09274005626116,0.09029169366490312
1175,brief,brief_91,771,summary_gpt4o_68_1,68,1927,96.11126234569996,0.12465792781543444
1175,summary,summary_gpt4o_32_1,1173,summary_gpt4o_69_1,69,2969,235.74761758386353,0.20097836111156311
1175,short_summary,summary_gpt4o_16_1,775,summary_gpt4o_69_1,69,2969,118.7018437594404,0.15316366936701986
1175,recall,91,1175,summary_gpt4o_69_1,69,2969,116.72901012179386,0.09934383840152669
1175,brief,brief_91,771,summary_gpt4o_69_1,69,2969,110.29379744701303,0.1430529149766706
1175,summary,summary_gpt4o_32_1,1173,summary_gpt4o_70_1,70,2792,235.6288586212131,0.20087711732413735
1175,short_summary,summary_gpt4o_16_1,775,summary_gpt4o_70_1,70,2792,151.6177622040782,0.19563582219881057
1175,recall,91,1175,summary_gpt4o_70_1,70,2792,104.01794122970637,0.08852590742953734
1175,brief,brief_91,771,summary_gpt4o_70_1,70,2792,94.87094989854654,0.12304922165829642
1175,summary,summary_gpt4o_32_1,1173,summary_gpt4o_71_1,71,2913,254.526938155499,0.2169880120677741
1175,short_summary,summary_gpt4o_16_1,775,summary_gpt4o_71_1,71,2913,145.2705727529301,0.1874459003263614
1175,recall,91,1175,summary_gpt4o_71_1,71,2913,89.00937592189007,0.07575266035905538
1175,brief,brief_91,771,summary_gpt4o_71_1,71,2913,86.62874105876995,0.11235893781941628
1175,summary,summary_gpt4o_32_1,1173,summary_gpt4o_72_1,72,3030,223.0882419326392,0.1901860545035287
1175,short_summary,summary_gpt4o_16_1,775,summary_gpt4o_72_1,72,3030,128.96579483068786,0.16640747720088755
1175,recall,91,1175,summary_gpt4o_72_1,72,3030,117.265689266874,0.09980058661010553
1175,brief,brief_91,771,summary_gpt4o_72_1,72,3030,100.7897789168096,0.13072604269365706
1175,summary,summary_gpt4o_32_1,1173,summary_gpt4o_73_1,73,2434,226.5219239740618,0.19311331967098191
1175,short_summary,summary_gpt4o_16_1,775,summary_gpt4o_73_1,73,2434,127.791458560004,0.16489220459355355
1175,recall,91,1175,summary_gpt4o_73_1,73,2434,94.19927547994256,0.0801695961531426
1175,brief,brief_91,771,summary_gpt4o_73_1,73,2434,83.70710357133453,0.10856952473584244
1175,summary,summary_gpt4o_32_1,1173,summary_gpt4o_74_1,74,3473,206.0751791716018,0.17568216468167247
1175,short_summary,summary_gpt4o_16_1,775,summary_gpt4o_74_1,74,3473,87.24515643474228,0.11257439539966746
1175,recall,91,1175,summary_gpt4o_74_1,74,3473,93.30749049729866,0.07941063021046695
1175,brief,brief_91,771,summary_gpt4o_74_1,74,3473,75.72028842446662,0.0982104908229139
1175,summary,summary_gpt4o_32_1,1173,summary_gpt4o_75_1,75,3110,305.4831576401857,0.2604289493948727
1175,short_summary,summary_gpt4o_16_1,775,summary_gpt4o_75_1,75,3110,152.2322854993581,0.19642875548304273
1175,recall,91,1175,summary_gpt4o_75_1,75,3110,122.04683246071704,0.10386964464741875
1175,brief,brief_91,771,summary_gpt4o_75_1,75,3110,94.46084824700053,0.12251731290142741
1175,summary,summary_gpt4o_32_1,1173,summary_gpt4o_76_1,76,2882,257.89596117570727,0.2198601544549934
1175,short_summary,summary_gpt4o_16_1,775,summary_gpt4o_76_1,76,2882,133.46376755647998,0.1722113129761032
1175,recall,91,1175,summary_gpt4o_76_1,76,2882,160.33556620874583,0.13645580102871985
1175,brief,brief_91,771,summary_gpt4o_76_1,76,2882,148.59592335425668,0.1927314180989062
1175,summary,summary_gpt4o_32_1,1173,summary_gpt4o_77_1,77,2412,238.23050864464065,0.20309506278315487
1175,short_summary,summary_gpt4o_16_1,775,summary_gpt4o_77_1,77,2412,139.74144144157117,0.1803115373439628
1175,recall,91,1175,summary_gpt4o_77_1,77,2412,116.29330972909224,0.09897302955667425
1175,brief,brief_91,771,summary_gpt4o_77_1,77,2412,119.58180571381126,0.15509961830585117
1175,summary,summary_gpt4o_32_1,1173,summary_gpt4o_78_1,78,4135,257.32948461231194,0.21937722473342877
1175,short_summary,summary_gpt4o_16_1,775,summary_gpt4o_78_1,78,4135,109.31880643241948,0.14105652442892835
1175,recall,91,1175,summary_gpt4o_78_1,78,4135,66.16580281216443,0.056311321542267596
1175,brief,brief_91,771,summary_gpt4o_78_1,78,4135,36.34773415680547,0.04714362406848959
1175,summary,summary_gpt4o_32_1,1173,summary_gpt4o_79_1,79,3494,230.37069579236527,0.19639445506595504
1175,short_summary,summary_gpt4o_16_1,775,summary_gpt4o_79_1,79,3494,135.15235502576525,0.17439013551711643
1175,recall,91,1175,summary_gpt4o_79_1,79,3494,116.32005813253022,0.09899579415534487
1175,brief,brief_91,771,summary_gpt4o_79_1,79,3494,110.27445917960311,0.14302783291777316
1175,summary,summary_gpt4o_32_1,1173,summary_gpt4o_80_1,80,3176,232.3562962283936,0.1980872090608641
1175,short_summary,summary_gpt4o_16_1,775,summary_gpt4o_80_1,80,3176,111.6343021687644,0.14404426086292182
1175,recall,91,1175,summary_gpt4o_80_1,80,3176,86.8474789012721,0.07391274800108263
1175,brief,brief_91,771,summary_gpt4o_80_1,80,3176,78.32714089587535,0.10159162243304196
1175,summary,summary_gpt4o_32_1,1173,summary_gpt4o_81_1,81,2739,250.477678370856,0.21353595769041434
1175,short_summary,summary_gpt4o_16_1,775,summary_gpt4o_81_1,81,2739,139.9252030418238,0.18054864908622426
1175,recall,91,1175,summary_gpt4o_81_1,81,2739,144.38111117609765,0.12287754142646608
1175,brief,brief_91,771,summary_gpt4o_81_1,81,2739,128.99653457080058,0.16731068037717325
1175,summary,summary_gpt4o_32_1,1173,summary_gpt4o_82_1,82,3090,247.300989684755,0.2108277831924595
1175,short_summary,summary_gpt4o_16_1,775,summary_gpt4o_82_1,82,3090,136.28887986686755,0.1758566191830549
1175,recall,91,1175,summary_gpt4o_82_1,82,3090,148.64724119359607,0.12650829037752856
1175,brief,brief_91,771,summary_gpt4o_82_1,82,3090,127.26232170681578,0.16506137705164173
1175,summary,summary_gpt4o_32_1,1173,summary_gpt4o_83_1,83,2641,252.09005073850676,0.21491052918883782
1175,short_summary,summary_gpt4o_16_1,775,summary_gpt4o_83_1,83,2641,143.1058437662914,0.1846527016339244
1175,recall,91,1175,summary_gpt4o_83_1,83,2641,150.78238973728958,0.128325438074289
1175,brief,brief_91,771,summary_gpt4o_83_1,83,2641,125.25576017742948,0.16245883291495392
1175,summary,summary_gpt4o_32_1,1173,summary_gpt4o_84_1,84,3636,242.08946124792533,0.2063848774492117
1175,short_summary,summary_gpt4o_16_1,775,summary_gpt4o_84_1,84,3636,82.45014985220291,0.10638729013187473
1175,recall,91,1175,summary_gpt4o_84_1,84,3636,76.33412956627717,0.06496521665215078
1175,brief,brief_91,771,summary_gpt4o_84_1,84,3636,65.81272227002478,0.08536021046695821
1175,summary,summary_gpt4o_32_1,1173,summary_gpt4o_85_1,85,2360,229.809397738132,0.19591594010070928
1175,short_summary,summary_gpt4o_16_1,775,summary_gpt4o_85_1,85,2360,131.61482464982328,0.16982558019332036
1175,recall,91,1175,summary_gpt4o_85_1,85,2360,131.17143808071455,0.11163526645167196
1175,brief,brief_91,771,summary_gpt4o_85_1,85,2360,126.1095419631938,0.1635662022868921
1175,summary,summary_gpt4o_32_1,1173,summary_gpt4o_86_1,86,3016,267.67436511329856,0.2281963896959067
1175,short_summary,summary_gpt4o_16_1,775,summary_gpt4o_86_1,86,3016,135.1697893869648,0.17441263146705135
1175,recall,91,1175,summary_gpt4o_86_1,86,3016,162.0988704929382,0.13795648552590487
1175,brief,brief_91,771,summary_gpt4o_86_1,86,3016,145.61901485020962,0.18887031757485034
1175,summary,summary_gpt4o_32_1,1173,summary_gpt4o_90_1,90,2408,185.6736437330751,0.15828955134959513
1175,short_summary,summary_gpt4o_16_1,775,summary_gpt4o_90_1,90,2408,104.71943129440024,0.13512184683148418
1175,recall,91,1175,summary_gpt4o_90_1,90,2408,121.02450655566145,0.10299958004737145
1175,brief,brief_91,771,summary_gpt4o_90_1,90,2408,109.86682380020238,0.14249912295746095
1175,summary,summary_gpt4o_32_1,1173,summary_gpt4o_100_1,100,2915,211.8247712677212,0.18058377772184245
1175,short_summary,summary_gpt4o_16_1,775,summary_gpt4o_100_1,100,2915,102.19421797437212,0.13186350706370598
1175,recall,91,1175,summary_gpt4o_100_1,100,2915,163.0745317583987,0.13878683553906274
1175,brief,brief_91,771,summary_gpt4o_100_1,100,2915,135.9547579212492,0.17633561338683426
1175,summary,summary_gpt4o_32_1,1173,summary_gpt4o_110_1,110,3495,248.76683383579348,0.21207743720016495
1175,short_summary,summary_gpt4o_16_1,775,summary_gpt4o_110_1,110,3495,112.5576623730135,0.14523569338453354
1175,recall,91,1175,summary_gpt4o_110_1,110,3495,85.07107421575938,0.0724009142261782
1175,brief,brief_91,771,summary_gpt4o_110_1,110,3495,87.01086183780922,0.11285455491285241
1175,summary,summary_gpt4o_32_1,1173,summary_gpt4o_120_1,120,3707,242.6724537773489,0.2068818872782173
1175,short_summary,summary_gpt4o_16_1,775,summary_gpt4o_120_1,120,3707,112.1829754863029,0.14475222643393923
1175,recall,91,1175,summary_gpt4o_120_1,120,3707,175.19237782453638,0.14909989602088203
1175,brief,brief_91,771,summary_gpt4o_120_1,120,3707,151.77219590862205,0.19685109715774585
1175,summary,summary_gpt4o_32_1,1173,summary_gpt4o_130_1,130,5111,208.3157322160505,0.17759226957890067
1175,short_summary,summary_gpt4o_16_1,775,summary_gpt4o_130_1,130,5111,82.33768604755642,0.10624217554523409
1175,recall,91,1175,summary_gpt4o_130_1,130,5111,124.89146624193744,0.10629060956760633
1175,brief,brief_91,771,summary_gpt4o_130_1,130,5111,102.00153641085716,0.13229771259514547
1175,summary,summary_gpt4o_32_1,1173,summary_gpt4o_140_1,140,2344,231.99127150634197,0.19777602003950723
1175,short_summary,summary_gpt4o_16_1,775,summary_gpt4o_140_1,140,2344,107.83270249554973,0.13913897096199965
1175,recall,91,1175,summary_gpt4o_140_1,140,2344,68.12984916950404,0.05798285035702472
1175,brief,brief_91,771,summary_gpt4o_140_1,140,2344,70.49194311314704,0.09142923879785608
1175,summary,summary_gpt4o_32_1,1173,summary_gpt4o_150_1,150,1862,248.7184553554489,0.2120361938239121
1175,short_summary,summary_gpt4o_16_1,775,summary_gpt4o_150_1,150,1862,125.9323614854386,0.16249336965863045
1175,recall,91,1175,summary_gpt4o_150_1,150,1862,99.4151289897652,0.08460862041682145
1175,brief,brief_91,771,summary_gpt4o_150_1,150,1862,99.28091910876152,0.12876902608140275
1175,summary,summary_gpt4o_32_1,1173,summary_gpt4o_160_1,160,2963,257.8697081100154,0.2198377733248213
1175,short_summary,summary_gpt4o_16_1,775,summary_gpt4o_160_1,160,2963,112.26884407339936,0.1448630246108379
1175,recall,91,1175,summary_gpt4o_160_1,160,2963,141.821123979164,0.12069882891843746
1175,brief,brief_91,771,summary_gpt4o_160_1,160,2963,120.77614651049385,0.15664869845719046
1175,summary,summary_gpt4o_32_1,1173,summary_gpt4o_170_1,170,4716,200.74266798227657,0.17113611933697917
1175,short_summary,summary_gpt4o_16_1,775,summary_gpt4o_170_1,170,4716,100.56282488972784,0.12975848372868107
1175,recall,91,1175,summary_gpt4o_170_1,170,4716,99.63750599462584,0.08479787744223476
1175,brief,brief_91,771,summary_gpt4o_170_1,170,4716,67.52668414855634,0.08758324792290058
1175,summary,summary_gpt4o_32_1,1173,summary_gpt4o_180_1,180,3334,213.72034180504397,0.18219977988494798
1175,short_summary,summary_gpt4o_16_1,775,summary_gpt4o_180_1,180,3334,102.51745245826056,0.13228058381711041
1175,recall,91,1175,summary_gpt4o_180_1,180,3334,104.46819702996775,0.0889091038552917
1175,brief,brief_91,771,summary_gpt4o_180_1,180,3334,80.99237794421242,0.10504847982388123
1175,summary,summary_gpt4o_32_1,1173,summary_gpt4o_181_1,181,2652,217.92973309742592,0.18578834876165892
1175,short_summary,summary_gpt4o_16_1,775,summary_gpt4o_181_1,181,2652,99.5696193319875,0.12847692817030645
1175,recall,91,1175,summary_gpt4o_181_1,181,2652,115.8079143045079,0.0985599270676663
1175,brief,brief_91,771,summary_gpt4o_181_1,181,2652,95.3898548906277,0.1237222501823965
1175,summary,summary_gpt4o_32_1,1173,summary_gpt4o_182_1,182,6567,221.1788202887092,0.18855824406539573
1175,short_summary,summary_gpt4o_16_1,775,summary_gpt4o_182_1,182,6567,53.872779059937784,0.06951326330314553
1175,recall,91,1175,summary_gpt4o_182_1,182,6567,107.58682471171916,0.09156325507380354
1175,brief,brief_91,771,summary_gpt4o_182_1,182,6567,95.72013250461532,0.12415062581662169
1175,summary,summary_gpt4o_32_1,1173,summary_gpt4o_183_1,183,3384,245.3418326332055,0.2091575725773278
1175,short_summary,summary_gpt4o_16_1,775,summary_gpt4o_183_1,183,3384,116.8701424107344,0.15080018375578633
1175,recall,91,1175,summary_gpt4o_183_1,183,3384,166.8366291497914,0.14198862055301395
1175,brief,brief_91,771,summary_gpt4o_183_1,183,3384,148.96294743148633,0.19320745451554647
1175,summary,summary_gpt4o_32_1,1173,summary_gpt4o_184_1,184,3004,218.83155445168563,0.1865571649204481
1175,short_summary,summary_gpt4o_16_1,775,summary_gpt4o_184_1,184,3004,109.56578761402898,0.1413752098245535
1175,recall,91,1175,summary_gpt4o_184_1,184,3004,162.6217801026769,0.13840151498100162
1175,brief,brief_91,771,summary_gpt4o_184_1,184,3004,146.8287943252774,0.19043942195237018
1175,summary,summary_gpt4o_32_1,1173,summary_gpt4o_185_1,185,5430,192.48683044179688,0.16409789466478847
1175,short_summary,summary_gpt4o_16_1,775,summary_gpt4o_185_1,185,5430,78.01651849103155,0.10066647547229877
1175,recall,91,1175,summary_gpt4o_185_1,185,5430,91.6041797744565,0.07796100406336723
1175,brief,brief_91,771,summary_gpt4o_185_1,185,5430,75.61237137313356,0.09807052058772187
1175,summary,summary_gpt4o_32_1,1173,summary_gpt4o_186_1,186,8438,171.83090033818735,0.14648840608541122
1175,short_summary,summary_gpt4o_16_1,775,summary_gpt4o_186_1,186,8438,56.820923549865256,0.07331732070950356
1175,recall,91,1175,summary_gpt4o_186_1,186,8438,105.22761673507648,0.08955541849793743
1175,brief,brief_91,771,summary_gpt4o_186_1,186,8438,65.73018234525625,0.08525315479280966
1175,summary,summary_gpt4o_32_1,1173,summary_gpt4o_187_1,187,7899,227.0855357142873,0.19359380708805396
1175,short_summary,summary_gpt4o_16_1,775,summary_gpt4o_187_1,187,7899,109.50447612095286,0.14129609822058434
1175,recall,91,1175,summary_gpt4o_187_1,187,7899,127.4291159079894,0.10845031141105481
1175,brief,brief_91,771,summary_gpt4o_187_1,187,7899,103.51774152508916,0.13426425619337115
1175,summary,summary_gpt4o_32_1,1173,summary_gpt4o_189_1,189,3213,235.60520788620735,0.20085695471969936
1175,short_summary,summary_gpt4o_16_1,775,summary_gpt4o_189_1,189,3213,126.67906912110608,0.16345686338207235
1175,recall,91,1175,summary_gpt4o_189_1,189,3213,144.43771726755654,0.12292571682345237
1175,brief,brief_91,771,summary_gpt4o_189_1,189,3213,121.69800974436272,0.15784437061525644
1175,summary,summary_gpt4o_32_1,1173,summary_gpt4o_190_1,190,3049,236.61278926492287,0.2017159328771721
1175,short_summary,summary_gpt4o_16_1,775,summary_gpt4o_190_1,190,3049,125.18881449995752,0.16153395419349356
1175,recall,91,1175,summary_gpt4o_190_1,190,3049,104.38962027855564,0.08884223002430267
1175,brief,brief_91,771,summary_gpt4o_190_1,190,3049,92.55603260955763,0.12004673490214998
1175,summary,summary_gpt4o_32_1,1173,summary_gpt4o_191_1,191,7015,175.7998093208298,0.14987196020531102
1175,short_summary,summary_gpt4o_16_1,775,summary_gpt4o_191_1,191,7015,75.20577510319299,0.0970397098105716
1175,recall,91,1175,summary_gpt4o_191_1,191,7015,101.4768667009157,0.08636329080928996
1175,brief,brief_91,771,summary_gpt4o_191_1,191,7015,86.41082744571031,0.11207630018898873
1175,summary,summary_gpt4o_32_1,1173,summary_gpt4o_192_1,192,2631,200.8819392472681,0.171254850168174
1175,short_summary,summary_gpt4o_16_1,775,summary_gpt4o_192_1,192,2631,108.80033908074438,0.14038753429773468
1175,recall,91,1175,summary_gpt4o_192_1,192,2631,81.85757931764806,0.06966602495118984
1175,brief,brief_91,771,summary_gpt4o_192_1,192,2631,104.32405594684496,0.13531005959383263
1175,summary,summary_gpt4o_32_1,1173,summary_gpt4o_193_1,193,6556,197.9914034372041,0.16879062526615865
1175,short_summary,summary_gpt4o_16_1,775,summary_gpt4o_193_1,193,6556,98.9840847135688,0.12772139963041138
1175,recall,91,1175,summary_gpt4o_193_1,193,6556,143.04017469620658,0.12173631889038858
1175,brief,brief_91,771,summary_gpt4o_193_1,193,6556,118.51646558131232,0.15371785419106657
1175,summary,summary_gpt4o_32_1,1173,summary_gpt4o_194_1,194,5161,186.13667820101543,0.15868429514153062
1175,short_summary,summary_gpt4o_16_1,775,summary_gpt4o_194_1,194,5161,106.1063725071208,0.13691144839628488
1175,recall,91,1175,summary_gpt4o_194_1,194,5161,102.85266593893266,0.08753418377781504
1175,brief,brief_91,771,summary_gpt4o_194_1,194,5161,89.28315434628848,0.11580175660997209
